rgn_id,year,a_prot_1km
1804,2000,4988
1804,2001,5001.75
1804,2002,5231.25
1804,2003,5860.5
1804,2004,6165
1804,2005,6386
1804,2006,6489.5
1804,2007,6491.5
1804,2008,6495.5
1804,2009,6630.75
1804,2010,6731
1804,2011,6736.25
1804,2012,6736.5
1804,2013,6765.25
1804,2014,6769.75
1804,2015,6778.5
1804,2016,6819.75
1804,2017,6819.75
1804,2018,6819.75
1805,2000,4988
1805,2001,5001.75
1805,2002,5231.25
1805,2003,5860.5
1805,2004,6165
1805,2005,6386
1805,2006,6489.5
1805,2007,6491.5
1805,2008,6495.5
1805,2009,6630.75
1805,2010,6731
1805,2011,6736.25
1805,2012,6736.5
1805,2013,6765.25
1805,2014,6769.75
1805,2015,6778.5
1805,2016,6819.75
1805,2017,6819.75
1805,2018,6819.75
1811,2000,4988
1811,2001,5001.75
1811,2002,5231.25
1811,2003,5860.5
1811,2004,6165
1811,2005,6386
1811,2006,6489.5
1811,2007,6491.5
1811,2008,6495.5
1811,2009,6630.75
1811,2010,6731
1811,2011,6736.25
1811,2012,6736.5
1811,2013,6765.25
1811,2014,6769.75
1811,2015,6778.5
1811,2016,6819.75
1811,2017,6819.75
1811,2018,6819.75
1812,2000,4988
1812,2001,5001.75
1812,2002,5231.25
1812,2003,5860.5
1812,2004,6165
1812,2005,6386
1812,2006,6489.5
1812,2007,6491.5
1812,2008,6495.5
1812,2009,6630.75
1812,2010,6731
1812,2011,6736.25
1812,2012,6736.5
1812,2013,6765.25
1812,2014,6769.75
1812,2015,6778.5
1812,2016,6819.75
1812,2017,6819.75
1812,2018,6819.75
1813,2000,4988
1813,2001,5001.75
1813,2002,5231.25
1813,2003,5860.5
1813,2004,6165
1813,2005,6386
1813,2006,6489.5
1813,2007,6491.5
1813,2008,6495.5
1813,2009,6630.75
1813,2010,6731
1813,2011,6736.25
1813,2012,6736.5
1813,2013,6765.25
1813,2014,6769.75
1813,2015,6778.5
1813,2016,6819.75
1813,2017,6819.75
1813,2018,6819.75
1815,2000,4988
1815,2001,5001.75
1815,2002,5231.25
1815,2003,5860.5
1815,2004,6165
1815,2005,6386
1815,2006,6489.5
1815,2007,6491.5
1815,2008,6495.5
1815,2009,6630.75
1815,2010,6731
1815,2011,6736.25
1815,2012,6736.5
1815,2013,6765.25
1815,2014,6769.75
1815,2015,6778.5
1815,2016,6819.75
1815,2017,6819.75
1815,2018,6819.75
1816,2000,4988
1816,2001,5001.75
1816,2002,5231.25
1816,2003,5860.5
1816,2004,6165
1816,2005,6386
1816,2006,6489.5
1816,2007,6491.5
1816,2008,6495.5
1816,2009,6630.75
1816,2010,6731
1816,2011,6736.25
1816,2012,6736.5
1816,2013,6765.25
1816,2014,6769.75
1816,2015,6778.5
1816,2016,6819.75
1816,2017,6819.75
1816,2018,6819.75
1818,2000,4988
1818,2001,5001.75
1818,2002,5231.25
1818,2003,5860.5
1818,2004,6165
1818,2005,6386
1818,2006,6489.5
1818,2007,6491.5
1818,2008,6495.5
1818,2009,6630.75
1818,2010,6731
1818,2011,6736.25
1818,2012,6736.5
1818,2013,6765.25
1818,2014,6769.75
1818,2015,6778.5
1818,2016,6819.75
1818,2017,6819.75
1818,2018,6819.75
1820,2000,4988
1820,2001,5001.75
1820,2002,5231.25
1820,2003,5860.5
1820,2004,6165
1820,2005,6386
1820,2006,6489.5
1820,2007,6491.5
1820,2008,6495.5
1820,2009,6630.75
1820,2010,6731
1820,2011,6736.25
1820,2012,6736.5
1820,2013,6765.25
1820,2014,6769.75
1820,2015,6778.5
1820,2016,6819.75
1820,2017,6819.75
1820,2018,6819.75
1822,2000,4988
1822,2001,5001.75
1822,2002,5231.25
1822,2003,5860.5
1822,2004,6165
1822,2005,6386
1822,2006,6489.5
1822,2007,6491.5
1822,2008,6495.5
1822,2009,6630.75
1822,2010,6731
1822,2011,6736.25
1822,2012,6736.5
1822,2013,6765.25
1822,2014,6769.75
1822,2015,6778.5
1822,2016,6819.75
1822,2017,6819.75
1822,2018,6819.75
1824,2000,4988
1824,2001,5001.75
1824,2002,5231.25
1824,2003,5860.5
1824,2004,6165
1824,2005,6386
1824,2006,6489.5
1824,2007,6491.5
1824,2008,6495.5
1824,2009,6630.75
1824,2010,6731
1824,2011,6736.25
1824,2012,6736.5
1824,2013,6765.25
1824,2014,6769.75
1824,2015,6778.5
1824,2016,6819.75
1824,2017,6819.75
1824,2018,6819.75
1827,2000,4988
1827,2001,5001.75
1827,2002,5231.25
1827,2003,5860.5
1827,2004,6165
1827,2005,6386
1827,2006,6489.5
1827,2007,6491.5
1827,2008,6495.5
1827,2009,6630.75
1827,2010,6731
1827,2011,6736.25
1827,2012,6736.5
1827,2013,6765.25
1827,2014,6769.75
1827,2015,6778.5
1827,2016,6819.75
1827,2017,6819.75
1827,2018,6819.75
1828,2000,4988
1828,2001,5001.75
1828,2002,5231.25
1828,2003,5860.5
1828,2004,6165
1828,2005,6386
1828,2006,6489.5
1828,2007,6491.5
1828,2008,6495.5
1828,2009,6630.75
1828,2010,6731
1828,2011,6736.25
1828,2012,6736.5
1828,2013,6765.25
1828,2014,6769.75
1828,2015,6778.5
1828,2016,6819.75
1828,2017,6819.75
1828,2018,6819.75
1832,2000,4988
1832,2001,5001.75
1832,2002,5231.25
1832,2003,5860.5
1832,2004,6165
1832,2005,6386
1832,2006,6489.5
1832,2007,6491.5
1832,2008,6495.5
1832,2009,6630.75
1832,2010,6731
1832,2011,6736.25
1832,2012,6736.5
1832,2013,6765.25
1832,2014,6769.75
1832,2015,6778.5
1832,2016,6819.75
1832,2017,6819.75
1832,2018,6819.75
1833,2000,4988
1833,2001,5001.75
1833,2002,5231.25
1833,2003,5860.5
1833,2004,6165
1833,2005,6386
1833,2006,6489.5
1833,2007,6491.5
1833,2008,6495.5
1833,2009,6630.75
1833,2010,6731
1833,2011,6736.25
1833,2012,6736.5
1833,2013,6765.25
1833,2014,6769.75
1833,2015,6778.5
1833,2016,6819.75
1833,2017,6819.75
1833,2018,6819.75
1834,2000,4988
1834,2001,5001.75
1834,2002,5231.25
1834,2003,5860.5
1834,2004,6165
1834,2005,6386
1834,2006,6489.5
1834,2007,6491.5
1834,2008,6495.5
1834,2009,6630.75
1834,2010,6731
1834,2011,6736.25
1834,2012,6736.5
1834,2013,6765.25
1834,2014,6769.75
1834,2015,6778.5
1834,2016,6819.75
1834,2017,6819.75
1834,2018,6819.75
1835,2000,4988
1835,2001,5001.75
1835,2002,5231.25
1835,2003,5860.5
1835,2004,6165
1835,2005,6386
1835,2006,6489.5
1835,2007,6491.5
1835,2008,6495.5
1835,2009,6630.75
1835,2010,6731
1835,2011,6736.25
1835,2012,6736.5
1835,2013,6765.25
1835,2014,6769.75
1835,2015,6778.5
1835,2016,6819.75
1835,2017,6819.75
1835,2018,6819.75
1836,2000,4988
1836,2001,5001.75
1836,2002,5231.25
1836,2003,5860.5
1836,2004,6165
1836,2005,6386
1836,2006,6489.5
1836,2007,6491.5
1836,2008,6495.5
1836,2009,6630.75
1836,2010,6731
1836,2011,6736.25
1836,2012,6736.5
1836,2013,6765.25
1836,2014,6769.75
1836,2015,6778.5
1836,2016,6819.75
1836,2017,6819.75
1836,2018,6819.75
1837,2000,4988
1837,2001,5001.75
1837,2002,5231.25
1837,2003,5860.5
1837,2004,6165
1837,2005,6386
1837,2006,6489.5
1837,2007,6491.5
1837,2008,6495.5
1837,2009,6630.75
1837,2010,6731
1837,2011,6736.25
1837,2012,6736.5
1837,2013,6765.25
1837,2014,6769.75
1837,2015,6778.5
1837,2016,6819.75
1837,2017,6819.75
1837,2018,6819.75
1838,2000,4988
1838,2001,5001.75
1838,2002,5231.25
1838,2003,5860.5
1838,2004,6165
1838,2005,6386
1838,2006,6489.5
1838,2007,6491.5
1838,2008,6495.5
1838,2009,6630.75
1838,2010,6731
1838,2011,6736.25
1838,2012,6736.5
1838,2013,6765.25
1838,2014,6769.75
1838,2015,6778.5
1838,2016,6819.75
1838,2017,6819.75
1838,2018,6819.75
1840,2000,4988
1840,2001,5001.75
1840,2002,5231.25
1840,2003,5860.5
1840,2004,6165
1840,2005,6386
1840,2006,6489.5
1840,2007,6491.5
1840,2008,6495.5
1840,2009,6630.75
1840,2010,6731
1840,2011,6736.25
1840,2012,6736.5
1840,2013,6765.25
1840,2014,6769.75
1840,2015,6778.5
1840,2016,6819.75
1840,2017,6819.75
1840,2018,6819.75
1841,2000,4988
1841,2001,5001.75
1841,2002,5231.25
1841,2003,5860.5
1841,2004,6165
1841,2005,6386
1841,2006,6489.5
1841,2007,6491.5
1841,2008,6495.5
1841,2009,6630.75
1841,2010,6731
1841,2011,6736.25
1841,2012,6736.5
1841,2013,6765.25
1841,2014,6769.75
1841,2015,6778.5
1841,2016,6819.75
1841,2017,6819.75
1841,2018,6819.75
1845,2000,4988
1845,2001,5001.75
1845,2002,5231.25
1845,2003,5860.5
1845,2004,6165
1845,2005,6386
1845,2006,6489.5
1845,2007,6491.5
1845,2008,6495.5
1845,2009,6630.75
1845,2010,6731
1845,2011,6736.25
1845,2012,6736.5
1845,2013,6765.25
1845,2014,6769.75
1845,2015,6778.5
1845,2016,6819.75
1845,2017,6819.75
1845,2018,6819.75
1848,2000,4988
1848,2001,5001.75
1848,2002,5231.25
1848,2003,5860.5
1848,2004,6165
1848,2005,6386
1848,2006,6489.5
1848,2007,6491.5
1848,2008,6495.5
1848,2009,6630.75
1848,2010,6731
1848,2011,6736.25
1848,2012,6736.5
1848,2013,6765.25
1848,2014,6769.75
1848,2015,6778.5
1848,2016,6819.75
1848,2017,6819.75
1848,2018,6819.75
1849,2000,4988
1849,2001,5001.75
1849,2002,5231.25
1849,2003,5860.5
1849,2004,6165
1849,2005,6386
1849,2006,6489.5
1849,2007,6491.5
1849,2008,6495.5
1849,2009,6630.75
1849,2010,6731
1849,2011,6736.25
1849,2012,6736.5
1849,2013,6765.25
1849,2014,6769.75
1849,2015,6778.5
1849,2016,6819.75
1849,2017,6819.75
1849,2018,6819.75
1850,2000,4988
1850,2001,5001.75
1850,2002,5231.25
1850,2003,5860.5
1850,2004,6165
1850,2005,6386
1850,2006,6489.5
1850,2007,6491.5
1850,2008,6495.5
1850,2009,6630.75
1850,2010,6731
1850,2011,6736.25
1850,2012,6736.5
1850,2013,6765.25
1850,2014,6769.75
1850,2015,6778.5
1850,2016,6819.75
1850,2017,6819.75
1850,2018,6819.75
1851,2000,4988
1851,2001,5001.75
1851,2002,5231.25
1851,2003,5860.5
1851,2004,6165
1851,2005,6386
1851,2006,6489.5
1851,2007,6491.5
1851,2008,6495.5
1851,2009,6630.75
1851,2010,6731
1851,2011,6736.25
1851,2012,6736.5
1851,2013,6765.25
1851,2014,6769.75
1851,2015,6778.5
1851,2016,6819.75
1851,2017,6819.75
1851,2018,6819.75
1852,2000,4988
1852,2001,5001.75
1852,2002,5231.25
1852,2003,5860.5
1852,2004,6165
1852,2005,6386
1852,2006,6489.5
1852,2007,6491.5
1852,2008,6495.5
1852,2009,6630.75
1852,2010,6731
1852,2011,6736.25
1852,2012,6736.5
1852,2013,6765.25
1852,2014,6769.75
1852,2015,6778.5
1852,2016,6819.75
1852,2017,6819.75
1852,2018,6819.75
1853,2000,4988
1853,2001,5001.75
1853,2002,5231.25
1853,2003,5860.5
1853,2004,6165
1853,2005,6386
1853,2006,6489.5
1853,2007,6491.5
1853,2008,6495.5
1853,2009,6630.75
1853,2010,6731
1853,2011,6736.25
1853,2012,6736.5
1853,2013,6765.25
1853,2014,6769.75
1853,2015,6778.5
1853,2016,6819.75
1853,2017,6819.75
1853,2018,6819.75
1854,2000,4988
1854,2001,5001.75
1854,2002,5231.25
1854,2003,5860.5
1854,2004,6165
1854,2005,6386
1854,2006,6489.5
1854,2007,6491.5
1854,2008,6495.5
1854,2009,6630.75
1854,2010,6731
1854,2011,6736.25
1854,2012,6736.5
1854,2013,6765.25
1854,2014,6769.75
1854,2015,6778.5
1854,2016,6819.75
1854,2017,6819.75
1854,2018,6819.75
1856,2000,4988
1856,2001,5001.75
1856,2002,5231.25
1856,2003,5860.5
1856,2004,6165
1856,2005,6386
1856,2006,6489.5
1856,2007,6491.5
1856,2008,6495.5
1856,2009,6630.75
1856,2010,6731
1856,2011,6736.25
1856,2012,6736.5
1856,2013,6765.25
1856,2014,6769.75
1856,2015,6778.5
1856,2016,6819.75
1856,2017,6819.75
1856,2018,6819.75
1857,2000,4988
1857,2001,5001.75
1857,2002,5231.25
1857,2003,5860.5
1857,2004,6165
1857,2005,6386
1857,2006,6489.5
1857,2007,6491.5
1857,2008,6495.5
1857,2009,6630.75
1857,2010,6731
1857,2011,6736.25
1857,2012,6736.5
1857,2013,6765.25
1857,2014,6769.75
1857,2015,6778.5
1857,2016,6819.75
1857,2017,6819.75
1857,2018,6819.75
1859,2000,4988
1859,2001,5001.75
1859,2002,5231.25
1859,2003,5860.5
1859,2004,6165
1859,2005,6386
1859,2006,6489.5
1859,2007,6491.5
1859,2008,6495.5
1859,2009,6630.75
1859,2010,6731
1859,2011,6736.25
1859,2012,6736.5
1859,2013,6765.25
1859,2014,6769.75
1859,2015,6778.5
1859,2016,6819.75
1859,2017,6819.75
1859,2018,6819.75
1860,2000,4988
1860,2001,5001.75
1860,2002,5231.25
1860,2003,5860.5
1860,2004,6165
1860,2005,6386
1860,2006,6489.5
1860,2007,6491.5
1860,2008,6495.5
1860,2009,6630.75
1860,2010,6731
1860,2011,6736.25
1860,2012,6736.5
1860,2013,6765.25
1860,2014,6769.75
1860,2015,6778.5
1860,2016,6819.75
1860,2017,6819.75
1860,2018,6819.75
1865,2000,4988
1865,2001,5001.75
1865,2002,5231.25
1865,2003,5860.5
1865,2004,6165
1865,2005,6386
1865,2006,6489.5
1865,2007,6491.5
1865,2008,6495.5
1865,2009,6630.75
1865,2010,6731
1865,2011,6736.25
1865,2012,6736.5
1865,2013,6765.25
1865,2014,6769.75
1865,2015,6778.5
1865,2016,6819.75
1865,2017,6819.75
1865,2018,6819.75
1866,2000,4988
1866,2001,5001.75
1866,2002,5231.25
1866,2003,5860.5
1866,2004,6165
1866,2005,6386
1866,2006,6489.5
1866,2007,6491.5
1866,2008,6495.5
1866,2009,6630.75
1866,2010,6731
1866,2011,6736.25
1866,2012,6736.5
1866,2013,6765.25
1866,2014,6769.75
1866,2015,6778.5
1866,2016,6819.75
1866,2017,6819.75
1866,2018,6819.75
1867,2000,4988
1867,2001,5001.75
1867,2002,5231.25
1867,2003,5860.5
1867,2004,6165
1867,2005,6386
1867,2006,6489.5
1867,2007,6491.5
1867,2008,6495.5
1867,2009,6630.75
1867,2010,6731
1867,2011,6736.25
1867,2012,6736.5
1867,2013,6765.25
1867,2014,6769.75
1867,2015,6778.5
1867,2016,6819.75
1867,2017,6819.75
1867,2018,6819.75
1868,2000,4988
1868,2001,5001.75
1868,2002,5231.25
1868,2003,5860.5
1868,2004,6165
1868,2005,6386
1868,2006,6489.5
1868,2007,6491.5
1868,2008,6495.5
1868,2009,6630.75
1868,2010,6731
1868,2011,6736.25
1868,2012,6736.5
1868,2013,6765.25
1868,2014,6769.75
1868,2015,6778.5
1868,2016,6819.75
1868,2017,6819.75
1868,2018,6819.75
1870,2000,4988
1870,2001,5001.75
1870,2002,5231.25
1870,2003,5860.5
1870,2004,6165
1870,2005,6386
1870,2006,6489.5
1870,2007,6491.5
1870,2008,6495.5
1870,2009,6630.75
1870,2010,6731
1870,2011,6736.25
1870,2012,6736.5
1870,2013,6765.25
1870,2014,6769.75
1870,2015,6778.5
1870,2016,6819.75
1870,2017,6819.75
1870,2018,6819.75
1871,2000,4988
1871,2001,5001.75
1871,2002,5231.25
1871,2003,5860.5
1871,2004,6165
1871,2005,6386
1871,2006,6489.5
1871,2007,6491.5
1871,2008,6495.5
1871,2009,6630.75
1871,2010,6731
1871,2011,6736.25
1871,2012,6736.5
1871,2013,6765.25
1871,2014,6769.75
1871,2015,6778.5
1871,2016,6819.75
1871,2017,6819.75
1871,2018,6819.75
1874,2000,4988
1874,2001,5001.75
1874,2002,5231.25
1874,2003,5860.5
1874,2004,6165
1874,2005,6386
1874,2006,6489.5
1874,2007,6491.5
1874,2008,6495.5
1874,2009,6630.75
1874,2010,6731
1874,2011,6736.25
1874,2012,6736.5
1874,2013,6765.25
1874,2014,6769.75
1874,2015,6778.5
1874,2016,6819.75
1874,2017,6819.75
1874,2018,6819.75
1902,2000,4988
1902,2001,5001.75
1902,2002,5231.25
1902,2003,5860.5
1902,2004,6165
1902,2005,6386
1902,2006,6489.5
1902,2007,6491.5
1902,2008,6495.5
1902,2009,6630.75
1902,2010,6731
1902,2011,6736.25
1902,2012,6736.5
1902,2013,6765.25
1902,2014,6769.75
1902,2015,6778.5
1902,2016,6819.75
1902,2017,6819.75
1902,2018,6819.75
1903,2000,4988
1903,2001,5001.75
1903,2002,5231.25
1903,2003,5860.5
1903,2004,6165
1903,2005,6386
1903,2006,6489.5
1903,2007,6491.5
1903,2008,6495.5
1903,2009,6630.75
1903,2010,6731
1903,2011,6736.25
1903,2012,6736.5
1903,2013,6765.25
1903,2014,6769.75
1903,2015,6778.5
1903,2016,6819.75
1903,2017,6819.75
1903,2018,6819.75
1911,2000,4988
1911,2001,5001.75
1911,2002,5231.25
1911,2003,5860.5
1911,2004,6165
1911,2005,6386
1911,2006,6489.5
1911,2007,6491.5
1911,2008,6495.5
1911,2009,6630.75
1911,2010,6731
1911,2011,6736.25
1911,2012,6736.5
1911,2013,6765.25
1911,2014,6769.75
1911,2015,6778.5
1911,2016,6819.75
1911,2017,6819.75
1911,2018,6819.75
1913,2000,4988
1913,2001,5001.75
1913,2002,5231.25
1913,2003,5860.5
1913,2004,6165
1913,2005,6386
1913,2006,6489.5
1913,2007,6491.5
1913,2008,6495.5
1913,2009,6630.75
1913,2010,6731
1913,2011,6736.25
1913,2012,6736.5
1913,2013,6765.25
1913,2014,6769.75
1913,2015,6778.5
1913,2016,6819.75
1913,2017,6819.75
1913,2018,6819.75
1917,2000,4988
1917,2001,5001.75
1917,2002,5231.25
1917,2003,5860.5
1917,2004,6165
1917,2005,6386
1917,2006,6489.5
1917,2007,6491.5
1917,2008,6495.5
1917,2009,6630.75
1917,2010,6731
1917,2011,6736.25
1917,2012,6736.5
1917,2013,6765.25
1917,2014,6769.75
1917,2015,6778.5
1917,2016,6819.75
1917,2017,6819.75
1917,2018,6819.75
1919,2000,4988
1919,2001,5001.75
1919,2002,5231.25
1919,2003,5860.5
1919,2004,6165
1919,2005,6386
1919,2006,6489.5
1919,2007,6491.5
1919,2008,6495.5
1919,2009,6630.75
1919,2010,6731
1919,2011,6736.25
1919,2012,6736.5
1919,2013,6765.25
1919,2014,6769.75
1919,2015,6778.5
1919,2016,6819.75
1919,2017,6819.75
1919,2018,6819.75
1920,2000,4988
1920,2001,5001.75
1920,2002,5231.25
1920,2003,5860.5
1920,2004,6165
1920,2005,6386
1920,2006,6489.5
1920,2007,6491.5
1920,2008,6495.5
1920,2009,6630.75
1920,2010,6731
1920,2011,6736.25
1920,2012,6736.5
1920,2013,6765.25
1920,2014,6769.75
1920,2015,6778.5
1920,2016,6819.75
1920,2017,6819.75
1920,2018,6819.75
1923,2000,4988
1923,2001,5001.75
1923,2002,5231.25
1923,2003,5860.5
1923,2004,6165
1923,2005,6386
1923,2006,6489.5
1923,2007,6491.5
1923,2008,6495.5
1923,2009,6630.75
1923,2010,6731
1923,2011,6736.25
1923,2012,6736.5
1923,2013,6765.25
1923,2014,6769.75
1923,2015,6778.5
1923,2016,6819.75
1923,2017,6819.75
1923,2018,6819.75
1924,2000,4988
1924,2001,5001.75
1924,2002,5231.25
1924,2003,5860.5
1924,2004,6165
1924,2005,6386
1924,2006,6489.5
1924,2007,6491.5
1924,2008,6495.5
1924,2009,6630.75
1924,2010,6731
1924,2011,6736.25
1924,2012,6736.5
1924,2013,6765.25
1924,2014,6769.75
1924,2015,6778.5
1924,2016,6819.75
1924,2017,6819.75
1924,2018,6819.75
1925,2000,4988
1925,2001,5001.75
1925,2002,5231.25
1925,2003,5860.5
1925,2004,6165
1925,2005,6386
1925,2006,6489.5
1925,2007,6491.5
1925,2008,6495.5
1925,2009,6630.75
1925,2010,6731
1925,2011,6736.25
1925,2012,6736.5
1925,2013,6765.25
1925,2014,6769.75
1925,2015,6778.5
1925,2016,6819.75
1925,2017,6819.75
1925,2018,6819.75
1926,2000,4988
1926,2001,5001.75
1926,2002,5231.25
1926,2003,5860.5
1926,2004,6165
1926,2005,6386
1926,2006,6489.5
1926,2007,6491.5
1926,2008,6495.5
1926,2009,6630.75
1926,2010,6731
1926,2011,6736.25
1926,2012,6736.5
1926,2013,6765.25
1926,2014,6769.75
1926,2015,6778.5
1926,2016,6819.75
1926,2017,6819.75
1926,2018,6819.75
1927,2000,4988
1927,2001,5001.75
1927,2002,5231.25
1927,2003,5860.5
1927,2004,6165
1927,2005,6386
1927,2006,6489.5
1927,2007,6491.5
1927,2008,6495.5
1927,2009,6630.75
1927,2010,6731
1927,2011,6736.25
1927,2012,6736.5
1927,2013,6765.25
1927,2014,6769.75
1927,2015,6778.5
1927,2016,6819.75
1927,2017,6819.75
1927,2018,6819.75
1928,2000,4988
1928,2001,5001.75
1928,2002,5231.25
1928,2003,5860.5
1928,2004,6165
1928,2005,6386
1928,2006,6489.5
1928,2007,6491.5
1928,2008,6495.5
1928,2009,6630.75
1928,2010,6731
1928,2011,6736.25
1928,2012,6736.5
1928,2013,6765.25
1928,2014,6769.75
1928,2015,6778.5
1928,2016,6819.75
1928,2017,6819.75
1928,2018,6819.75
1929,2000,4988
1929,2001,5001.75
1929,2002,5231.25
1929,2003,5860.5
1929,2004,6165
1929,2005,6386
1929,2006,6489.5
1929,2007,6491.5
1929,2008,6495.5
1929,2009,6630.75
1929,2010,6731
1929,2011,6736.25
1929,2012,6736.5
1929,2013,6765.25
1929,2014,6769.75
1929,2015,6778.5
1929,2016,6819.75
1929,2017,6819.75
1929,2018,6819.75
1931,2000,4988
1931,2001,5001.75
1931,2002,5231.25
1931,2003,5860.5
1931,2004,6165
1931,2005,6386
1931,2006,6489.5
1931,2007,6491.5
1931,2008,6495.5
1931,2009,6630.75
1931,2010,6731
1931,2011,6736.25
1931,2012,6736.5
1931,2013,6765.25
1931,2014,6769.75
1931,2015,6778.5
1931,2016,6819.75
1931,2017,6819.75
1931,2018,6819.75
1933,2000,4988
1933,2001,5001.75
1933,2002,5231.25
1933,2003,5860.5
1933,2004,6165
1933,2005,6386
1933,2006,6489.5
1933,2007,6491.5
1933,2008,6495.5
1933,2009,6630.75
1933,2010,6731
1933,2011,6736.25
1933,2012,6736.5
1933,2013,6765.25
1933,2014,6769.75
1933,2015,6778.5
1933,2016,6819.75
1933,2017,6819.75
1933,2018,6819.75
1936,2000,4988
1936,2001,5001.75
1936,2002,5231.25
1936,2003,5860.5
1936,2004,6165
1936,2005,6386
1936,2006,6489.5
1936,2007,6491.5
1936,2008,6495.5
1936,2009,6630.75
1936,2010,6731
1936,2011,6736.25
1936,2012,6736.5
1936,2013,6765.25
1936,2014,6769.75
1936,2015,6778.5
1936,2016,6819.75
1936,2017,6819.75
1936,2018,6819.75
1938,2000,4988
1938,2001,5001.75
1938,2002,5231.25
1938,2003,5860.5
1938,2004,6165
1938,2005,6386
1938,2006,6489.5
1938,2007,6491.5
1938,2008,6495.5
1938,2009,6630.75
1938,2010,6731
1938,2011,6736.25
1938,2012,6736.5
1938,2013,6765.25
1938,2014,6769.75
1938,2015,6778.5
1938,2016,6819.75
1938,2017,6819.75
1938,2018,6819.75
1939,2000,4988
1939,2001,5001.75
1939,2002,5231.25
1939,2003,5860.5
1939,2004,6165
1939,2005,6386
1939,2006,6489.5
1939,2007,6491.5
1939,2008,6495.5
1939,2009,6630.75
1939,2010,6731
1939,2011,6736.25
1939,2012,6736.5
1939,2013,6765.25
1939,2014,6769.75
1939,2015,6778.5
1939,2016,6819.75
1939,2017,6819.75
1939,2018,6819.75
1940,2000,4988
1940,2001,5001.75
1940,2002,5231.25
1940,2003,5860.5
1940,2004,6165
1940,2005,6386
1940,2006,6489.5
1940,2007,6491.5
1940,2008,6495.5
1940,2009,6630.75
1940,2010,6731
1940,2011,6736.25
1940,2012,6736.5
1940,2013,6765.25
1940,2014,6769.75
1940,2015,6778.5
1940,2016,6819.75
1940,2017,6819.75
1940,2018,6819.75
1941,2000,4988
1941,2001,5001.75
1941,2002,5231.25
1941,2003,5860.5
1941,2004,6165
1941,2005,6386
1941,2006,6489.5
1941,2007,6491.5
1941,2008,6495.5
1941,2009,6630.75
1941,2010,6731
1941,2011,6736.25
1941,2012,6736.5
1941,2013,6765.25
1941,2014,6769.75
1941,2015,6778.5
1941,2016,6819.75
1941,2017,6819.75
1941,2018,6819.75
1942,2000,4988
1942,2001,5001.75
1942,2002,5231.25
1942,2003,5860.5
1942,2004,6165
1942,2005,6386
1942,2006,6489.5
1942,2007,6491.5
1942,2008,6495.5
1942,2009,6630.75
1942,2010,6731
1942,2011,6736.25
1942,2012,6736.5
1942,2013,6765.25
1942,2014,6769.75
1942,2015,6778.5
1942,2016,6819.75
1942,2017,6819.75
1942,2018,6819.75
1943,2000,4988
1943,2001,5001.75
1943,2002,5231.25
1943,2003,5860.5
1943,2004,6165
1943,2005,6386
1943,2006,6489.5
1943,2007,6491.5
1943,2008,6495.5
1943,2009,6630.75
1943,2010,6731
1943,2011,6736.25
1943,2012,6736.5
1943,2013,6765.25
1943,2014,6769.75
1943,2015,6778.5
1943,2016,6819.75
1943,2017,6819.75
1943,2018,6819.75
2002,2000,4988
2002,2001,5001.75
2002,2002,5231.25
2002,2003,5860.5
2002,2004,6165
2002,2005,6386
2002,2006,6489.5
2002,2007,6491.5
2002,2008,6495.5
2002,2009,6630.75
2002,2010,6731
2002,2011,6736.25
2002,2012,6736.5
2002,2013,6765.25
2002,2014,6769.75
2002,2015,6778.5
2002,2016,6819.75
2002,2017,6819.75
2002,2018,6819.75
2003,2000,4988
2003,2001,5001.75
2003,2002,5231.25
2003,2003,5860.5
2003,2004,6165
2003,2005,6386
2003,2006,6489.5
2003,2007,6491.5
2003,2008,6495.5
2003,2009,6630.75
2003,2010,6731
2003,2011,6736.25
2003,2012,6736.5
2003,2013,6765.25
2003,2014,6769.75
2003,2015,6778.5
2003,2016,6819.75
2003,2017,6819.75
2003,2018,6819.75
2004,2000,4988
2004,2001,5001.75
2004,2002,5231.25
2004,2003,5860.5
2004,2004,6165
2004,2005,6386
2004,2006,6489.5
2004,2007,6491.5
2004,2008,6495.5
2004,2009,6630.75
2004,2010,6731
2004,2011,6736.25
2004,2012,6736.5
2004,2013,6765.25
2004,2014,6769.75
2004,2015,6778.5
2004,2016,6819.75
2004,2017,6819.75
2004,2018,6819.75
2012,2000,4988
2012,2001,5001.75
2012,2002,5231.25
2012,2003,5860.5
2012,2004,6165
2012,2005,6386
2012,2006,6489.5
2012,2007,6491.5
2012,2008,6495.5
2012,2009,6630.75
2012,2010,6731
2012,2011,6736.25
2012,2012,6736.5
2012,2013,6765.25
2012,2014,6769.75
2012,2015,6778.5
2012,2016,6819.75
2012,2017,6819.75
2012,2018,6819.75
2014,2000,4988
2014,2001,5001.75
2014,2002,5231.25
2014,2003,5860.5
2014,2004,6165
2014,2005,6386
2014,2006,6489.5
2014,2007,6491.5
2014,2008,6495.5
2014,2009,6630.75
2014,2010,6731
2014,2011,6736.25
2014,2012,6736.5
2014,2013,6765.25
2014,2014,6769.75
2014,2015,6778.5
2014,2016,6819.75
2014,2017,6819.75
2014,2018,6819.75
2015,2000,4988
2015,2001,5001.75
2015,2002,5231.25
2015,2003,5860.5
2015,2004,6165
2015,2005,6386
2015,2006,6489.5
2015,2007,6491.5
2015,2008,6495.5
2015,2009,6630.75
2015,2010,6731
2015,2011,6736.25
2015,2012,6736.5
2015,2013,6765.25
2015,2014,6769.75
2015,2015,6778.5
2015,2016,6819.75
2015,2017,6819.75
2015,2018,6819.75
2017,2000,4988
2017,2001,5001.75
2017,2002,5231.25
2017,2003,5860.5
2017,2004,6165
2017,2005,6386
2017,2006,6489.5
2017,2007,6491.5
2017,2008,6495.5
2017,2009,6630.75
2017,2010,6731
2017,2011,6736.25
2017,2012,6736.5
2017,2013,6765.25
2017,2014,6769.75
2017,2015,6778.5
2017,2016,6819.75
2017,2017,6819.75
2017,2018,6819.75
2018,2000,4988
2018,2001,5001.75
2018,2002,5231.25
2018,2003,5860.5
2018,2004,6165
2018,2005,6386
2018,2006,6489.5
2018,2007,6491.5
2018,2008,6495.5
2018,2009,6630.75
2018,2010,6731
2018,2011,6736.25
2018,2012,6736.5
2018,2013,6765.25
2018,2014,6769.75
2018,2015,6778.5
2018,2016,6819.75
2018,2017,6819.75
2018,2018,6819.75
2019,2000,4988
2019,2001,5001.75
2019,2002,5231.25
2019,2003,5860.5
2019,2004,6165
2019,2005,6386
2019,2006,6489.5
2019,2007,6491.5
2019,2008,6495.5
2019,2009,6630.75
2019,2010,6731
2019,2011,6736.25
2019,2012,6736.5
2019,2013,6765.25
2019,2014,6769.75
2019,2015,6778.5
2019,2016,6819.75
2019,2017,6819.75
2019,2018,6819.75
2020,2000,4988
2020,2001,5001.75
2020,2002,5231.25
2020,2003,5860.5
2020,2004,6165
2020,2005,6386
2020,2006,6489.5
2020,2007,6491.5
2020,2008,6495.5
2020,2009,6630.75
2020,2010,6731
2020,2011,6736.25
2020,2012,6736.5
2020,2013,6765.25
2020,2014,6769.75
2020,2015,6778.5
2020,2016,6819.75
2020,2017,6819.75
2020,2018,6819.75
2022,2000,4988
2022,2001,5001.75
2022,2002,5231.25
2022,2003,5860.5
2022,2004,6165
2022,2005,6386
2022,2006,6489.5
2022,2007,6491.5
2022,2008,6495.5
2022,2009,6630.75
2022,2010,6731
2022,2011,6736.25
2022,2012,6736.5
2022,2013,6765.25
2022,2014,6769.75
2022,2015,6778.5
2022,2016,6819.75
2022,2017,6819.75
2022,2018,6819.75
2023,2000,4988
2023,2001,5001.75
2023,2002,5231.25
2023,2003,5860.5
2023,2004,6165
2023,2005,6386
2023,2006,6489.5
2023,2007,6491.5
2023,2008,6495.5
2023,2009,6630.75
2023,2010,6731
2023,2011,6736.25
2023,2012,6736.5
2023,2013,6765.25
2023,2014,6769.75
2023,2015,6778.5
2023,2016,6819.75
2023,2017,6819.75
2023,2018,6819.75
2024,2000,4988
2024,2001,5001.75
2024,2002,5231.25
2024,2003,5860.5
2024,2004,6165
2024,2005,6386
2024,2006,6489.5
2024,2007,6491.5
2024,2008,6495.5
2024,2009,6630.75
2024,2010,6731
2024,2011,6736.25
2024,2012,6736.5
2024,2013,6765.25
2024,2014,6769.75
2024,2015,6778.5
2024,2016,6819.75
2024,2017,6819.75
2024,2018,6819.75
2025,2000,4988
2025,2001,5001.75
2025,2002,5231.25
2025,2003,5860.5
2025,2004,6165
2025,2005,6386
2025,2006,6489.5
2025,2007,6491.5
2025,2008,6495.5
2025,2009,6630.75
2025,2010,6731
2025,2011,6736.25
2025,2012,6736.5
2025,2013,6765.25
2025,2014,6769.75
2025,2015,6778.5
2025,2016,6819.75
2025,2017,6819.75
2025,2018,6819.75
2027,2000,4988
2027,2001,5001.75
2027,2002,5231.25
2027,2003,5860.5
2027,2004,6165
2027,2005,6386
2027,2006,6489.5
2027,2007,6491.5
2027,2008,6495.5
2027,2009,6630.75
2027,2010,6731
2027,2011,6736.25
2027,2012,6736.5
2027,2013,6765.25
2027,2014,6769.75
2027,2015,6778.5
2027,2016,6819.75
2027,2017,6819.75
2027,2018,6819.75
2028,2000,4988
2028,2001,5001.75
2028,2002,5231.25
2028,2003,5860.5
2028,2004,6165
2028,2005,6386
2028,2006,6489.5
2028,2007,6491.5
2028,2008,6495.5
2028,2009,6630.75
2028,2010,6731
2028,2011,6736.25
2028,2012,6736.5
2028,2013,6765.25
2028,2014,6769.75
2028,2015,6778.5
2028,2016,6819.75
2028,2017,6819.75
2028,2018,6819.75
2030,2000,4988
2030,2001,5001.75
2030,2002,5231.25
2030,2003,5860.5
2030,2004,6165
2030,2005,6386
2030,2006,6489.5
2030,2007,6491.5
2030,2008,6495.5
2030,2009,6630.75
2030,2010,6731
2030,2011,6736.25
2030,2012,6736.5
2030,2013,6765.25
2030,2014,6769.75
2030,2015,6778.5
2030,2016,6819.75
2030,2017,6819.75
2030,2018,6819.75
