rgn_id,year,popsum
1804,2000,4682473.5023719
1804,2001,4714355.54731321
1804,2002,4746237.59225451
1804,2003,4778119.63719582
1804,2004,4810001.68213713
1804,2005,4841883.72707843
1804,2006,4902088.51601531
1804,2007,4962293.3049522
1804,2008,5022498.09388908
1804,2009,5082702.88282596
1804,2010,5142907.67176284
1804,2011,5214612.89719068
1804,2012,5286318.12261851
1804,2013,5358023.34804634
1804,2014,5429728.57347418
1804,2015,5501433.79890201
1804,2016,5565675.57572275
1804,2017,5629917.35254349
1804,2018,5694159.12936424
1804,2019,5758400.90618498
1804,2020,5822642.68300572
1805,2000,4682473.5023719
1805,2001,4714355.54731321
1805,2002,4746237.59225451
1805,2003,4778119.63719582
1805,2004,4810001.68213713
1805,2005,4841883.72707843
1805,2006,4902088.51601531
1805,2007,4962293.3049522
1805,2008,5022498.09388908
1805,2009,5082702.88282596
1805,2010,5142907.67176284
1805,2011,5214612.89719068
1805,2012,5286318.12261851
1805,2013,5358023.34804634
1805,2014,5429728.57347418
1805,2015,5501433.79890201
1805,2016,5565675.57572275
1805,2017,5629917.35254349
1805,2018,5694159.12936424
1805,2019,5758400.90618498
1805,2020,5822642.68300572
1811,2000,4682473.5023719
1811,2001,4714355.54731321
1811,2002,4746237.59225451
1811,2003,4778119.63719582
1811,2004,4810001.68213713
1811,2005,4841883.72707843
1811,2006,4902088.51601531
1811,2007,4962293.3049522
1811,2008,5022498.09388908
1811,2009,5082702.88282596
1811,2010,5142907.67176284
1811,2011,5214612.89719068
1811,2012,5286318.12261851
1811,2013,5358023.34804634
1811,2014,5429728.57347418
1811,2015,5501433.79890201
1811,2016,5565675.57572275
1811,2017,5629917.35254349
1811,2018,5694159.12936424
1811,2019,5758400.90618498
1811,2020,5822642.68300572
1812,2000,4682473.5023719
1812,2001,4714355.54731321
1812,2002,4746237.59225451
1812,2003,4778119.63719582
1812,2004,4810001.68213713
1812,2005,4841883.72707843
1812,2006,4902088.51601531
1812,2007,4962293.3049522
1812,2008,5022498.09388908
1812,2009,5082702.88282596
1812,2010,5142907.67176284
1812,2011,5214612.89719068
1812,2012,5286318.12261851
1812,2013,5358023.34804634
1812,2014,5429728.57347418
1812,2015,5501433.79890201
1812,2016,5565675.57572275
1812,2017,5629917.35254349
1812,2018,5694159.12936424
1812,2019,5758400.90618498
1812,2020,5822642.68300572
1813,2000,4682473.5023719
1813,2001,4714355.54731321
1813,2002,4746237.59225451
1813,2003,4778119.63719582
1813,2004,4810001.68213713
1813,2005,4841883.72707843
1813,2006,4902088.51601531
1813,2007,4962293.3049522
1813,2008,5022498.09388908
1813,2009,5082702.88282596
1813,2010,5142907.67176284
1813,2011,5214612.89719068
1813,2012,5286318.12261851
1813,2013,5358023.34804634
1813,2014,5429728.57347418
1813,2015,5501433.79890201
1813,2016,5565675.57572275
1813,2017,5629917.35254349
1813,2018,5694159.12936424
1813,2019,5758400.90618498
1813,2020,5822642.68300572
1815,2000,4682473.5023719
1815,2001,4714355.54731321
1815,2002,4746237.59225451
1815,2003,4778119.63719582
1815,2004,4810001.68213713
1815,2005,4841883.72707843
1815,2006,4902088.51601531
1815,2007,4962293.3049522
1815,2008,5022498.09388908
1815,2009,5082702.88282596
1815,2010,5142907.67176284
1815,2011,5214612.89719068
1815,2012,5286318.12261851
1815,2013,5358023.34804634
1815,2014,5429728.57347418
1815,2015,5501433.79890201
1815,2016,5565675.57572275
1815,2017,5629917.35254349
1815,2018,5694159.12936424
1815,2019,5758400.90618498
1815,2020,5822642.68300572
1816,2000,4682473.5023719
1816,2001,4714355.54731321
1816,2002,4746237.59225451
1816,2003,4778119.63719582
1816,2004,4810001.68213713
1816,2005,4841883.72707843
1816,2006,4902088.51601531
1816,2007,4962293.3049522
1816,2008,5022498.09388908
1816,2009,5082702.88282596
1816,2010,5142907.67176284
1816,2011,5214612.89719068
1816,2012,5286318.12261851
1816,2013,5358023.34804634
1816,2014,5429728.57347418
1816,2015,5501433.79890201
1816,2016,5565675.57572275
1816,2017,5629917.35254349
1816,2018,5694159.12936424
1816,2019,5758400.90618498
1816,2020,5822642.68300572
1818,2000,4682473.5023719
1818,2001,4714355.54731321
1818,2002,4746237.59225451
1818,2003,4778119.63719582
1818,2004,4810001.68213713
1818,2005,4841883.72707843
1818,2006,4902088.51601531
1818,2007,4962293.3049522
1818,2008,5022498.09388908
1818,2009,5082702.88282596
1818,2010,5142907.67176284
1818,2011,5214612.89719068
1818,2012,5286318.12261851
1818,2013,5358023.34804634
1818,2014,5429728.57347418
1818,2015,5501433.79890201
1818,2016,5565675.57572275
1818,2017,5629917.35254349
1818,2018,5694159.12936424
1818,2019,5758400.90618498
1818,2020,5822642.68300572
1820,2000,4682473.5023719
1820,2001,4714355.54731321
1820,2002,4746237.59225451
1820,2003,4778119.63719582
1820,2004,4810001.68213713
1820,2005,4841883.72707843
1820,2006,4902088.51601531
1820,2007,4962293.3049522
1820,2008,5022498.09388908
1820,2009,5082702.88282596
1820,2010,5142907.67176284
1820,2011,5214612.89719068
1820,2012,5286318.12261851
1820,2013,5358023.34804634
1820,2014,5429728.57347418
1820,2015,5501433.79890201
1820,2016,5565675.57572275
1820,2017,5629917.35254349
1820,2018,5694159.12936424
1820,2019,5758400.90618498
1820,2020,5822642.68300572
1822,2000,4682473.5023719
1822,2001,4714355.54731321
1822,2002,4746237.59225451
1822,2003,4778119.63719582
1822,2004,4810001.68213713
1822,2005,4841883.72707843
1822,2006,4902088.51601531
1822,2007,4962293.3049522
1822,2008,5022498.09388908
1822,2009,5082702.88282596
1822,2010,5142907.67176284
1822,2011,5214612.89719068
1822,2012,5286318.12261851
1822,2013,5358023.34804634
1822,2014,5429728.57347418
1822,2015,5501433.79890201
1822,2016,5565675.57572275
1822,2017,5629917.35254349
1822,2018,5694159.12936424
1822,2019,5758400.90618498
1822,2020,5822642.68300572
1824,2000,4682473.5023719
1824,2001,4714355.54731321
1824,2002,4746237.59225451
1824,2003,4778119.63719582
1824,2004,4810001.68213713
1824,2005,4841883.72707843
1824,2006,4902088.51601531
1824,2007,4962293.3049522
1824,2008,5022498.09388908
1824,2009,5082702.88282596
1824,2010,5142907.67176284
1824,2011,5214612.89719068
1824,2012,5286318.12261851
1824,2013,5358023.34804634
1824,2014,5429728.57347418
1824,2015,5501433.79890201
1824,2016,5565675.57572275
1824,2017,5629917.35254349
1824,2018,5694159.12936424
1824,2019,5758400.90618498
1824,2020,5822642.68300572
1827,2000,4682473.5023719
1827,2001,4714355.54731321
1827,2002,4746237.59225451
1827,2003,4778119.63719582
1827,2004,4810001.68213713
1827,2005,4841883.72707843
1827,2006,4902088.51601531
1827,2007,4962293.3049522
1827,2008,5022498.09388908
1827,2009,5082702.88282596
1827,2010,5142907.67176284
1827,2011,5214612.89719068
1827,2012,5286318.12261851
1827,2013,5358023.34804634
1827,2014,5429728.57347418
1827,2015,5501433.79890201
1827,2016,5565675.57572275
1827,2017,5629917.35254349
1827,2018,5694159.12936424
1827,2019,5758400.90618498
1827,2020,5822642.68300572
1828,2000,4682473.5023719
1828,2001,4714355.54731321
1828,2002,4746237.59225451
1828,2003,4778119.63719582
1828,2004,4810001.68213713
1828,2005,4841883.72707843
1828,2006,4902088.51601531
1828,2007,4962293.3049522
1828,2008,5022498.09388908
1828,2009,5082702.88282596
1828,2010,5142907.67176284
1828,2011,5214612.89719068
1828,2012,5286318.12261851
1828,2013,5358023.34804634
1828,2014,5429728.57347418
1828,2015,5501433.79890201
1828,2016,5565675.57572275
1828,2017,5629917.35254349
1828,2018,5694159.12936424
1828,2019,5758400.90618498
1828,2020,5822642.68300572
1832,2000,4682473.5023719
1832,2001,4714355.54731321
1832,2002,4746237.59225451
1832,2003,4778119.63719582
1832,2004,4810001.68213713
1832,2005,4841883.72707843
1832,2006,4902088.51601531
1832,2007,4962293.3049522
1832,2008,5022498.09388908
1832,2009,5082702.88282596
1832,2010,5142907.67176284
1832,2011,5214612.89719068
1832,2012,5286318.12261851
1832,2013,5358023.34804634
1832,2014,5429728.57347418
1832,2015,5501433.79890201
1832,2016,5565675.57572275
1832,2017,5629917.35254349
1832,2018,5694159.12936424
1832,2019,5758400.90618498
1832,2020,5822642.68300572
1833,2000,4682473.5023719
1833,2001,4714355.54731321
1833,2002,4746237.59225451
1833,2003,4778119.63719582
1833,2004,4810001.68213713
1833,2005,4841883.72707843
1833,2006,4902088.51601531
1833,2007,4962293.3049522
1833,2008,5022498.09388908
1833,2009,5082702.88282596
1833,2010,5142907.67176284
1833,2011,5214612.89719068
1833,2012,5286318.12261851
1833,2013,5358023.34804634
1833,2014,5429728.57347418
1833,2015,5501433.79890201
1833,2016,5565675.57572275
1833,2017,5629917.35254349
1833,2018,5694159.12936424
1833,2019,5758400.90618498
1833,2020,5822642.68300572
1834,2000,4682473.5023719
1834,2001,4714355.54731321
1834,2002,4746237.59225451
1834,2003,4778119.63719582
1834,2004,4810001.68213713
1834,2005,4841883.72707843
1834,2006,4902088.51601531
1834,2007,4962293.3049522
1834,2008,5022498.09388908
1834,2009,5082702.88282596
1834,2010,5142907.67176284
1834,2011,5214612.89719068
1834,2012,5286318.12261851
1834,2013,5358023.34804634
1834,2014,5429728.57347418
1834,2015,5501433.79890201
1834,2016,5565675.57572275
1834,2017,5629917.35254349
1834,2018,5694159.12936424
1834,2019,5758400.90618498
1834,2020,5822642.68300572
1835,2000,4682473.5023719
1835,2001,4714355.54731321
1835,2002,4746237.59225451
1835,2003,4778119.63719582
1835,2004,4810001.68213713
1835,2005,4841883.72707843
1835,2006,4902088.51601531
1835,2007,4962293.3049522
1835,2008,5022498.09388908
1835,2009,5082702.88282596
1835,2010,5142907.67176284
1835,2011,5214612.89719068
1835,2012,5286318.12261851
1835,2013,5358023.34804634
1835,2014,5429728.57347418
1835,2015,5501433.79890201
1835,2016,5565675.57572275
1835,2017,5629917.35254349
1835,2018,5694159.12936424
1835,2019,5758400.90618498
1835,2020,5822642.68300572
1836,2000,4682473.5023719
1836,2001,4714355.54731321
1836,2002,4746237.59225451
1836,2003,4778119.63719582
1836,2004,4810001.68213713
1836,2005,4841883.72707843
1836,2006,4902088.51601531
1836,2007,4962293.3049522
1836,2008,5022498.09388908
1836,2009,5082702.88282596
1836,2010,5142907.67176284
1836,2011,5214612.89719068
1836,2012,5286318.12261851
1836,2013,5358023.34804634
1836,2014,5429728.57347418
1836,2015,5501433.79890201
1836,2016,5565675.57572275
1836,2017,5629917.35254349
1836,2018,5694159.12936424
1836,2019,5758400.90618498
1836,2020,5822642.68300572
1837,2000,4682473.5023719
1837,2001,4714355.54731321
1837,2002,4746237.59225451
1837,2003,4778119.63719582
1837,2004,4810001.68213713
1837,2005,4841883.72707843
1837,2006,4902088.51601531
1837,2007,4962293.3049522
1837,2008,5022498.09388908
1837,2009,5082702.88282596
1837,2010,5142907.67176284
1837,2011,5214612.89719068
1837,2012,5286318.12261851
1837,2013,5358023.34804634
1837,2014,5429728.57347418
1837,2015,5501433.79890201
1837,2016,5565675.57572275
1837,2017,5629917.35254349
1837,2018,5694159.12936424
1837,2019,5758400.90618498
1837,2020,5822642.68300572
1838,2000,4682473.5023719
1838,2001,4714355.54731321
1838,2002,4746237.59225451
1838,2003,4778119.63719582
1838,2004,4810001.68213713
1838,2005,4841883.72707843
1838,2006,4902088.51601531
1838,2007,4962293.3049522
1838,2008,5022498.09388908
1838,2009,5082702.88282596
1838,2010,5142907.67176284
1838,2011,5214612.89719068
1838,2012,5286318.12261851
1838,2013,5358023.34804634
1838,2014,5429728.57347418
1838,2015,5501433.79890201
1838,2016,5565675.57572275
1838,2017,5629917.35254349
1838,2018,5694159.12936424
1838,2019,5758400.90618498
1838,2020,5822642.68300572
1840,2000,4682473.5023719
1840,2001,4714355.54731321
1840,2002,4746237.59225451
1840,2003,4778119.63719582
1840,2004,4810001.68213713
1840,2005,4841883.72707843
1840,2006,4902088.51601531
1840,2007,4962293.3049522
1840,2008,5022498.09388908
1840,2009,5082702.88282596
1840,2010,5142907.67176284
1840,2011,5214612.89719068
1840,2012,5286318.12261851
1840,2013,5358023.34804634
1840,2014,5429728.57347418
1840,2015,5501433.79890201
1840,2016,5565675.57572275
1840,2017,5629917.35254349
1840,2018,5694159.12936424
1840,2019,5758400.90618498
1840,2020,5822642.68300572
1841,2000,4682473.5023719
1841,2001,4714355.54731321
1841,2002,4746237.59225451
1841,2003,4778119.63719582
1841,2004,4810001.68213713
1841,2005,4841883.72707843
1841,2006,4902088.51601531
1841,2007,4962293.3049522
1841,2008,5022498.09388908
1841,2009,5082702.88282596
1841,2010,5142907.67176284
1841,2011,5214612.89719068
1841,2012,5286318.12261851
1841,2013,5358023.34804634
1841,2014,5429728.57347418
1841,2015,5501433.79890201
1841,2016,5565675.57572275
1841,2017,5629917.35254349
1841,2018,5694159.12936424
1841,2019,5758400.90618498
1841,2020,5822642.68300572
1845,2000,4682473.5023719
1845,2001,4714355.54731321
1845,2002,4746237.59225451
1845,2003,4778119.63719582
1845,2004,4810001.68213713
1845,2005,4841883.72707843
1845,2006,4902088.51601531
1845,2007,4962293.3049522
1845,2008,5022498.09388908
1845,2009,5082702.88282596
1845,2010,5142907.67176284
1845,2011,5214612.89719068
1845,2012,5286318.12261851
1845,2013,5358023.34804634
1845,2014,5429728.57347418
1845,2015,5501433.79890201
1845,2016,5565675.57572275
1845,2017,5629917.35254349
1845,2018,5694159.12936424
1845,2019,5758400.90618498
1845,2020,5822642.68300572
1848,2000,4682473.5023719
1848,2001,4714355.54731321
1848,2002,4746237.59225451
1848,2003,4778119.63719582
1848,2004,4810001.68213713
1848,2005,4841883.72707843
1848,2006,4902088.51601531
1848,2007,4962293.3049522
1848,2008,5022498.09388908
1848,2009,5082702.88282596
1848,2010,5142907.67176284
1848,2011,5214612.89719068
1848,2012,5286318.12261851
1848,2013,5358023.34804634
1848,2014,5429728.57347418
1848,2015,5501433.79890201
1848,2016,5565675.57572275
1848,2017,5629917.35254349
1848,2018,5694159.12936424
1848,2019,5758400.90618498
1848,2020,5822642.68300572
1849,2000,4682473.5023719
1849,2001,4714355.54731321
1849,2002,4746237.59225451
1849,2003,4778119.63719582
1849,2004,4810001.68213713
1849,2005,4841883.72707843
1849,2006,4902088.51601531
1849,2007,4962293.3049522
1849,2008,5022498.09388908
1849,2009,5082702.88282596
1849,2010,5142907.67176284
1849,2011,5214612.89719068
1849,2012,5286318.12261851
1849,2013,5358023.34804634
1849,2014,5429728.57347418
1849,2015,5501433.79890201
1849,2016,5565675.57572275
1849,2017,5629917.35254349
1849,2018,5694159.12936424
1849,2019,5758400.90618498
1849,2020,5822642.68300572
1850,2000,4682473.5023719
1850,2001,4714355.54731321
1850,2002,4746237.59225451
1850,2003,4778119.63719582
1850,2004,4810001.68213713
1850,2005,4841883.72707843
1850,2006,4902088.51601531
1850,2007,4962293.3049522
1850,2008,5022498.09388908
1850,2009,5082702.88282596
1850,2010,5142907.67176284
1850,2011,5214612.89719068
1850,2012,5286318.12261851
1850,2013,5358023.34804634
1850,2014,5429728.57347418
1850,2015,5501433.79890201
1850,2016,5565675.57572275
1850,2017,5629917.35254349
1850,2018,5694159.12936424
1850,2019,5758400.90618498
1850,2020,5822642.68300572
1851,2000,4682473.5023719
1851,2001,4714355.54731321
1851,2002,4746237.59225451
1851,2003,4778119.63719582
1851,2004,4810001.68213713
1851,2005,4841883.72707843
1851,2006,4902088.51601531
1851,2007,4962293.3049522
1851,2008,5022498.09388908
1851,2009,5082702.88282596
1851,2010,5142907.67176284
1851,2011,5214612.89719068
1851,2012,5286318.12261851
1851,2013,5358023.34804634
1851,2014,5429728.57347418
1851,2015,5501433.79890201
1851,2016,5565675.57572275
1851,2017,5629917.35254349
1851,2018,5694159.12936424
1851,2019,5758400.90618498
1851,2020,5822642.68300572
1852,2000,4682473.5023719
1852,2001,4714355.54731321
1852,2002,4746237.59225451
1852,2003,4778119.63719582
1852,2004,4810001.68213713
1852,2005,4841883.72707843
1852,2006,4902088.51601531
1852,2007,4962293.3049522
1852,2008,5022498.09388908
1852,2009,5082702.88282596
1852,2010,5142907.67176284
1852,2011,5214612.89719068
1852,2012,5286318.12261851
1852,2013,5358023.34804634
1852,2014,5429728.57347418
1852,2015,5501433.79890201
1852,2016,5565675.57572275
1852,2017,5629917.35254349
1852,2018,5694159.12936424
1852,2019,5758400.90618498
1852,2020,5822642.68300572
1853,2000,4682473.5023719
1853,2001,4714355.54731321
1853,2002,4746237.59225451
1853,2003,4778119.63719582
1853,2004,4810001.68213713
1853,2005,4841883.72707843
1853,2006,4902088.51601531
1853,2007,4962293.3049522
1853,2008,5022498.09388908
1853,2009,5082702.88282596
1853,2010,5142907.67176284
1853,2011,5214612.89719068
1853,2012,5286318.12261851
1853,2013,5358023.34804634
1853,2014,5429728.57347418
1853,2015,5501433.79890201
1853,2016,5565675.57572275
1853,2017,5629917.35254349
1853,2018,5694159.12936424
1853,2019,5758400.90618498
1853,2020,5822642.68300572
1854,2000,4682473.5023719
1854,2001,4714355.54731321
1854,2002,4746237.59225451
1854,2003,4778119.63719582
1854,2004,4810001.68213713
1854,2005,4841883.72707843
1854,2006,4902088.51601531
1854,2007,4962293.3049522
1854,2008,5022498.09388908
1854,2009,5082702.88282596
1854,2010,5142907.67176284
1854,2011,5214612.89719068
1854,2012,5286318.12261851
1854,2013,5358023.34804634
1854,2014,5429728.57347418
1854,2015,5501433.79890201
1854,2016,5565675.57572275
1854,2017,5629917.35254349
1854,2018,5694159.12936424
1854,2019,5758400.90618498
1854,2020,5822642.68300572
1856,2000,4682473.5023719
1856,2001,4714355.54731321
1856,2002,4746237.59225451
1856,2003,4778119.63719582
1856,2004,4810001.68213713
1856,2005,4841883.72707843
1856,2006,4902088.51601531
1856,2007,4962293.3049522
1856,2008,5022498.09388908
1856,2009,5082702.88282596
1856,2010,5142907.67176284
1856,2011,5214612.89719068
1856,2012,5286318.12261851
1856,2013,5358023.34804634
1856,2014,5429728.57347418
1856,2015,5501433.79890201
1856,2016,5565675.57572275
1856,2017,5629917.35254349
1856,2018,5694159.12936424
1856,2019,5758400.90618498
1856,2020,5822642.68300572
1857,2000,4682473.5023719
1857,2001,4714355.54731321
1857,2002,4746237.59225451
1857,2003,4778119.63719582
1857,2004,4810001.68213713
1857,2005,4841883.72707843
1857,2006,4902088.51601531
1857,2007,4962293.3049522
1857,2008,5022498.09388908
1857,2009,5082702.88282596
1857,2010,5142907.67176284
1857,2011,5214612.89719068
1857,2012,5286318.12261851
1857,2013,5358023.34804634
1857,2014,5429728.57347418
1857,2015,5501433.79890201
1857,2016,5565675.57572275
1857,2017,5629917.35254349
1857,2018,5694159.12936424
1857,2019,5758400.90618498
1857,2020,5822642.68300572
1859,2000,4682473.5023719
1859,2001,4714355.54731321
1859,2002,4746237.59225451
1859,2003,4778119.63719582
1859,2004,4810001.68213713
1859,2005,4841883.72707843
1859,2006,4902088.51601531
1859,2007,4962293.3049522
1859,2008,5022498.09388908
1859,2009,5082702.88282596
1859,2010,5142907.67176284
1859,2011,5214612.89719068
1859,2012,5286318.12261851
1859,2013,5358023.34804634
1859,2014,5429728.57347418
1859,2015,5501433.79890201
1859,2016,5565675.57572275
1859,2017,5629917.35254349
1859,2018,5694159.12936424
1859,2019,5758400.90618498
1859,2020,5822642.68300572
1860,2000,4682473.5023719
1860,2001,4714355.54731321
1860,2002,4746237.59225451
1860,2003,4778119.63719582
1860,2004,4810001.68213713
1860,2005,4841883.72707843
1860,2006,4902088.51601531
1860,2007,4962293.3049522
1860,2008,5022498.09388908
1860,2009,5082702.88282596
1860,2010,5142907.67176284
1860,2011,5214612.89719068
1860,2012,5286318.12261851
1860,2013,5358023.34804634
1860,2014,5429728.57347418
1860,2015,5501433.79890201
1860,2016,5565675.57572275
1860,2017,5629917.35254349
1860,2018,5694159.12936424
1860,2019,5758400.90618498
1860,2020,5822642.68300572
1865,2000,4682473.5023719
1865,2001,4714355.54731321
1865,2002,4746237.59225451
1865,2003,4778119.63719582
1865,2004,4810001.68213713
1865,2005,4841883.72707843
1865,2006,4902088.51601531
1865,2007,4962293.3049522
1865,2008,5022498.09388908
1865,2009,5082702.88282596
1865,2010,5142907.67176284
1865,2011,5214612.89719068
1865,2012,5286318.12261851
1865,2013,5358023.34804634
1865,2014,5429728.57347418
1865,2015,5501433.79890201
1865,2016,5565675.57572275
1865,2017,5629917.35254349
1865,2018,5694159.12936424
1865,2019,5758400.90618498
1865,2020,5822642.68300572
1866,2000,4682473.5023719
1866,2001,4714355.54731321
1866,2002,4746237.59225451
1866,2003,4778119.63719582
1866,2004,4810001.68213713
1866,2005,4841883.72707843
1866,2006,4902088.51601531
1866,2007,4962293.3049522
1866,2008,5022498.09388908
1866,2009,5082702.88282596
1866,2010,5142907.67176284
1866,2011,5214612.89719068
1866,2012,5286318.12261851
1866,2013,5358023.34804634
1866,2014,5429728.57347418
1866,2015,5501433.79890201
1866,2016,5565675.57572275
1866,2017,5629917.35254349
1866,2018,5694159.12936424
1866,2019,5758400.90618498
1866,2020,5822642.68300572
1867,2000,4682473.5023719
1867,2001,4714355.54731321
1867,2002,4746237.59225451
1867,2003,4778119.63719582
1867,2004,4810001.68213713
1867,2005,4841883.72707843
1867,2006,4902088.51601531
1867,2007,4962293.3049522
1867,2008,5022498.09388908
1867,2009,5082702.88282596
1867,2010,5142907.67176284
1867,2011,5214612.89719068
1867,2012,5286318.12261851
1867,2013,5358023.34804634
1867,2014,5429728.57347418
1867,2015,5501433.79890201
1867,2016,5565675.57572275
1867,2017,5629917.35254349
1867,2018,5694159.12936424
1867,2019,5758400.90618498
1867,2020,5822642.68300572
1868,2000,4682473.5023719
1868,2001,4714355.54731321
1868,2002,4746237.59225451
1868,2003,4778119.63719582
1868,2004,4810001.68213713
1868,2005,4841883.72707843
1868,2006,4902088.51601531
1868,2007,4962293.3049522
1868,2008,5022498.09388908
1868,2009,5082702.88282596
1868,2010,5142907.67176284
1868,2011,5214612.89719068
1868,2012,5286318.12261851
1868,2013,5358023.34804634
1868,2014,5429728.57347418
1868,2015,5501433.79890201
1868,2016,5565675.57572275
1868,2017,5629917.35254349
1868,2018,5694159.12936424
1868,2019,5758400.90618498
1868,2020,5822642.68300572
1870,2000,4682473.5023719
1870,2001,4714355.54731321
1870,2002,4746237.59225451
1870,2003,4778119.63719582
1870,2004,4810001.68213713
1870,2005,4841883.72707843
1870,2006,4902088.51601531
1870,2007,4962293.3049522
1870,2008,5022498.09388908
1870,2009,5082702.88282596
1870,2010,5142907.67176284
1870,2011,5214612.89719068
1870,2012,5286318.12261851
1870,2013,5358023.34804634
1870,2014,5429728.57347418
1870,2015,5501433.79890201
1870,2016,5565675.57572275
1870,2017,5629917.35254349
1870,2018,5694159.12936424
1870,2019,5758400.90618498
1870,2020,5822642.68300572
1871,2000,4682473.5023719
1871,2001,4714355.54731321
1871,2002,4746237.59225451
1871,2003,4778119.63719582
1871,2004,4810001.68213713
1871,2005,4841883.72707843
1871,2006,4902088.51601531
1871,2007,4962293.3049522
1871,2008,5022498.09388908
1871,2009,5082702.88282596
1871,2010,5142907.67176284
1871,2011,5214612.89719068
1871,2012,5286318.12261851
1871,2013,5358023.34804634
1871,2014,5429728.57347418
1871,2015,5501433.79890201
1871,2016,5565675.57572275
1871,2017,5629917.35254349
1871,2018,5694159.12936424
1871,2019,5758400.90618498
1871,2020,5822642.68300572
1874,2000,4682473.5023719
1874,2001,4714355.54731321
1874,2002,4746237.59225451
1874,2003,4778119.63719582
1874,2004,4810001.68213713
1874,2005,4841883.72707843
1874,2006,4902088.51601531
1874,2007,4962293.3049522
1874,2008,5022498.09388908
1874,2009,5082702.88282596
1874,2010,5142907.67176284
1874,2011,5214612.89719068
1874,2012,5286318.12261851
1874,2013,5358023.34804634
1874,2014,5429728.57347418
1874,2015,5501433.79890201
1874,2016,5565675.57572275
1874,2017,5629917.35254349
1874,2018,5694159.12936424
1874,2019,5758400.90618498
1874,2020,5822642.68300572
1902,2000,4682473.5023719
1902,2001,4714355.54731321
1902,2002,4746237.59225451
1902,2003,4778119.63719582
1902,2004,4810001.68213713
1902,2005,4841883.72707843
1902,2006,4902088.51601531
1902,2007,4962293.3049522
1902,2008,5022498.09388908
1902,2009,5082702.88282596
1902,2010,5142907.67176284
1902,2011,5214612.89719068
1902,2012,5286318.12261851
1902,2013,5358023.34804634
1902,2014,5429728.57347418
1902,2015,5501433.79890201
1902,2016,5565675.57572275
1902,2017,5629917.35254349
1902,2018,5694159.12936424
1902,2019,5758400.90618498
1902,2020,5822642.68300572
1903,2000,4682473.5023719
1903,2001,4714355.54731321
1903,2002,4746237.59225451
1903,2003,4778119.63719582
1903,2004,4810001.68213713
1903,2005,4841883.72707843
1903,2006,4902088.51601531
1903,2007,4962293.3049522
1903,2008,5022498.09388908
1903,2009,5082702.88282596
1903,2010,5142907.67176284
1903,2011,5214612.89719068
1903,2012,5286318.12261851
1903,2013,5358023.34804634
1903,2014,5429728.57347418
1903,2015,5501433.79890201
1903,2016,5565675.57572275
1903,2017,5629917.35254349
1903,2018,5694159.12936424
1903,2019,5758400.90618498
1903,2020,5822642.68300572
1911,2000,4682473.5023719
1911,2001,4714355.54731321
1911,2002,4746237.59225451
1911,2003,4778119.63719582
1911,2004,4810001.68213713
1911,2005,4841883.72707843
1911,2006,4902088.51601531
1911,2007,4962293.3049522
1911,2008,5022498.09388908
1911,2009,5082702.88282596
1911,2010,5142907.67176284
1911,2011,5214612.89719068
1911,2012,5286318.12261851
1911,2013,5358023.34804634
1911,2014,5429728.57347418
1911,2015,5501433.79890201
1911,2016,5565675.57572275
1911,2017,5629917.35254349
1911,2018,5694159.12936424
1911,2019,5758400.90618498
1911,2020,5822642.68300572
1913,2000,4682473.5023719
1913,2001,4714355.54731321
1913,2002,4746237.59225451
1913,2003,4778119.63719582
1913,2004,4810001.68213713
1913,2005,4841883.72707843
1913,2006,4902088.51601531
1913,2007,4962293.3049522
1913,2008,5022498.09388908
1913,2009,5082702.88282596
1913,2010,5142907.67176284
1913,2011,5214612.89719068
1913,2012,5286318.12261851
1913,2013,5358023.34804634
1913,2014,5429728.57347418
1913,2015,5501433.79890201
1913,2016,5565675.57572275
1913,2017,5629917.35254349
1913,2018,5694159.12936424
1913,2019,5758400.90618498
1913,2020,5822642.68300572
1917,2000,4682473.5023719
1917,2001,4714355.54731321
1917,2002,4746237.59225451
1917,2003,4778119.63719582
1917,2004,4810001.68213713
1917,2005,4841883.72707843
1917,2006,4902088.51601531
1917,2007,4962293.3049522
1917,2008,5022498.09388908
1917,2009,5082702.88282596
1917,2010,5142907.67176284
1917,2011,5214612.89719068
1917,2012,5286318.12261851
1917,2013,5358023.34804634
1917,2014,5429728.57347418
1917,2015,5501433.79890201
1917,2016,5565675.57572275
1917,2017,5629917.35254349
1917,2018,5694159.12936424
1917,2019,5758400.90618498
1917,2020,5822642.68300572
1919,2000,4682473.5023719
1919,2001,4714355.54731321
1919,2002,4746237.59225451
1919,2003,4778119.63719582
1919,2004,4810001.68213713
1919,2005,4841883.72707843
1919,2006,4902088.51601531
1919,2007,4962293.3049522
1919,2008,5022498.09388908
1919,2009,5082702.88282596
1919,2010,5142907.67176284
1919,2011,5214612.89719068
1919,2012,5286318.12261851
1919,2013,5358023.34804634
1919,2014,5429728.57347418
1919,2015,5501433.79890201
1919,2016,5565675.57572275
1919,2017,5629917.35254349
1919,2018,5694159.12936424
1919,2019,5758400.90618498
1919,2020,5822642.68300572
1920,2000,4682473.5023719
1920,2001,4714355.54731321
1920,2002,4746237.59225451
1920,2003,4778119.63719582
1920,2004,4810001.68213713
1920,2005,4841883.72707843
1920,2006,4902088.51601531
1920,2007,4962293.3049522
1920,2008,5022498.09388908
1920,2009,5082702.88282596
1920,2010,5142907.67176284
1920,2011,5214612.89719068
1920,2012,5286318.12261851
1920,2013,5358023.34804634
1920,2014,5429728.57347418
1920,2015,5501433.79890201
1920,2016,5565675.57572275
1920,2017,5629917.35254349
1920,2018,5694159.12936424
1920,2019,5758400.90618498
1920,2020,5822642.68300572
1923,2000,4682473.5023719
1923,2001,4714355.54731321
1923,2002,4746237.59225451
1923,2003,4778119.63719582
1923,2004,4810001.68213713
1923,2005,4841883.72707843
1923,2006,4902088.51601531
1923,2007,4962293.3049522
1923,2008,5022498.09388908
1923,2009,5082702.88282596
1923,2010,5142907.67176284
1923,2011,5214612.89719068
1923,2012,5286318.12261851
1923,2013,5358023.34804634
1923,2014,5429728.57347418
1923,2015,5501433.79890201
1923,2016,5565675.57572275
1923,2017,5629917.35254349
1923,2018,5694159.12936424
1923,2019,5758400.90618498
1923,2020,5822642.68300572
1924,2000,4682473.5023719
1924,2001,4714355.54731321
1924,2002,4746237.59225451
1924,2003,4778119.63719582
1924,2004,4810001.68213713
1924,2005,4841883.72707843
1924,2006,4902088.51601531
1924,2007,4962293.3049522
1924,2008,5022498.09388908
1924,2009,5082702.88282596
1924,2010,5142907.67176284
1924,2011,5214612.89719068
1924,2012,5286318.12261851
1924,2013,5358023.34804634
1924,2014,5429728.57347418
1924,2015,5501433.79890201
1924,2016,5565675.57572275
1924,2017,5629917.35254349
1924,2018,5694159.12936424
1924,2019,5758400.90618498
1924,2020,5822642.68300572
1925,2000,4682473.5023719
1925,2001,4714355.54731321
1925,2002,4746237.59225451
1925,2003,4778119.63719582
1925,2004,4810001.68213713
1925,2005,4841883.72707843
1925,2006,4902088.51601531
1925,2007,4962293.3049522
1925,2008,5022498.09388908
1925,2009,5082702.88282596
1925,2010,5142907.67176284
1925,2011,5214612.89719068
1925,2012,5286318.12261851
1925,2013,5358023.34804634
1925,2014,5429728.57347418
1925,2015,5501433.79890201
1925,2016,5565675.57572275
1925,2017,5629917.35254349
1925,2018,5694159.12936424
1925,2019,5758400.90618498
1925,2020,5822642.68300572
1926,2000,4682473.5023719
1926,2001,4714355.54731321
1926,2002,4746237.59225451
1926,2003,4778119.63719582
1926,2004,4810001.68213713
1926,2005,4841883.72707843
1926,2006,4902088.51601531
1926,2007,4962293.3049522
1926,2008,5022498.09388908
1926,2009,5082702.88282596
1926,2010,5142907.67176284
1926,2011,5214612.89719068
1926,2012,5286318.12261851
1926,2013,5358023.34804634
1926,2014,5429728.57347418
1926,2015,5501433.79890201
1926,2016,5565675.57572275
1926,2017,5629917.35254349
1926,2018,5694159.12936424
1926,2019,5758400.90618498
1926,2020,5822642.68300572
1927,2000,4682473.5023719
1927,2001,4714355.54731321
1927,2002,4746237.59225451
1927,2003,4778119.63719582
1927,2004,4810001.68213713
1927,2005,4841883.72707843
1927,2006,4902088.51601531
1927,2007,4962293.3049522
1927,2008,5022498.09388908
1927,2009,5082702.88282596
1927,2010,5142907.67176284
1927,2011,5214612.89719068
1927,2012,5286318.12261851
1927,2013,5358023.34804634
1927,2014,5429728.57347418
1927,2015,5501433.79890201
1927,2016,5565675.57572275
1927,2017,5629917.35254349
1927,2018,5694159.12936424
1927,2019,5758400.90618498
1927,2020,5822642.68300572
1928,2000,4682473.5023719
1928,2001,4714355.54731321
1928,2002,4746237.59225451
1928,2003,4778119.63719582
1928,2004,4810001.68213713
1928,2005,4841883.72707843
1928,2006,4902088.51601531
1928,2007,4962293.3049522
1928,2008,5022498.09388908
1928,2009,5082702.88282596
1928,2010,5142907.67176284
1928,2011,5214612.89719068
1928,2012,5286318.12261851
1928,2013,5358023.34804634
1928,2014,5429728.57347418
1928,2015,5501433.79890201
1928,2016,5565675.57572275
1928,2017,5629917.35254349
1928,2018,5694159.12936424
1928,2019,5758400.90618498
1928,2020,5822642.68300572
1929,2000,4682473.5023719
1929,2001,4714355.54731321
1929,2002,4746237.59225451
1929,2003,4778119.63719582
1929,2004,4810001.68213713
1929,2005,4841883.72707843
1929,2006,4902088.51601531
1929,2007,4962293.3049522
1929,2008,5022498.09388908
1929,2009,5082702.88282596
1929,2010,5142907.67176284
1929,2011,5214612.89719068
1929,2012,5286318.12261851
1929,2013,5358023.34804634
1929,2014,5429728.57347418
1929,2015,5501433.79890201
1929,2016,5565675.57572275
1929,2017,5629917.35254349
1929,2018,5694159.12936424
1929,2019,5758400.90618498
1929,2020,5822642.68300572
1931,2000,4682473.5023719
1931,2001,4714355.54731321
1931,2002,4746237.59225451
1931,2003,4778119.63719582
1931,2004,4810001.68213713
1931,2005,4841883.72707843
1931,2006,4902088.51601531
1931,2007,4962293.3049522
1931,2008,5022498.09388908
1931,2009,5082702.88282596
1931,2010,5142907.67176284
1931,2011,5214612.89719068
1931,2012,5286318.12261851
1931,2013,5358023.34804634
1931,2014,5429728.57347418
1931,2015,5501433.79890201
1931,2016,5565675.57572275
1931,2017,5629917.35254349
1931,2018,5694159.12936424
1931,2019,5758400.90618498
1931,2020,5822642.68300572
1933,2000,4682473.5023719
1933,2001,4714355.54731321
1933,2002,4746237.59225451
1933,2003,4778119.63719582
1933,2004,4810001.68213713
1933,2005,4841883.72707843
1933,2006,4902088.51601531
1933,2007,4962293.3049522
1933,2008,5022498.09388908
1933,2009,5082702.88282596
1933,2010,5142907.67176284
1933,2011,5214612.89719068
1933,2012,5286318.12261851
1933,2013,5358023.34804634
1933,2014,5429728.57347418
1933,2015,5501433.79890201
1933,2016,5565675.57572275
1933,2017,5629917.35254349
1933,2018,5694159.12936424
1933,2019,5758400.90618498
1933,2020,5822642.68300572
1936,2000,4682473.5023719
1936,2001,4714355.54731321
1936,2002,4746237.59225451
1936,2003,4778119.63719582
1936,2004,4810001.68213713
1936,2005,4841883.72707843
1936,2006,4902088.51601531
1936,2007,4962293.3049522
1936,2008,5022498.09388908
1936,2009,5082702.88282596
1936,2010,5142907.67176284
1936,2011,5214612.89719068
1936,2012,5286318.12261851
1936,2013,5358023.34804634
1936,2014,5429728.57347418
1936,2015,5501433.79890201
1936,2016,5565675.57572275
1936,2017,5629917.35254349
1936,2018,5694159.12936424
1936,2019,5758400.90618498
1936,2020,5822642.68300572
1938,2000,4682473.5023719
1938,2001,4714355.54731321
1938,2002,4746237.59225451
1938,2003,4778119.63719582
1938,2004,4810001.68213713
1938,2005,4841883.72707843
1938,2006,4902088.51601531
1938,2007,4962293.3049522
1938,2008,5022498.09388908
1938,2009,5082702.88282596
1938,2010,5142907.67176284
1938,2011,5214612.89719068
1938,2012,5286318.12261851
1938,2013,5358023.34804634
1938,2014,5429728.57347418
1938,2015,5501433.79890201
1938,2016,5565675.57572275
1938,2017,5629917.35254349
1938,2018,5694159.12936424
1938,2019,5758400.90618498
1938,2020,5822642.68300572
1939,2000,4682473.5023719
1939,2001,4714355.54731321
1939,2002,4746237.59225451
1939,2003,4778119.63719582
1939,2004,4810001.68213713
1939,2005,4841883.72707843
1939,2006,4902088.51601531
1939,2007,4962293.3049522
1939,2008,5022498.09388908
1939,2009,5082702.88282596
1939,2010,5142907.67176284
1939,2011,5214612.89719068
1939,2012,5286318.12261851
1939,2013,5358023.34804634
1939,2014,5429728.57347418
1939,2015,5501433.79890201
1939,2016,5565675.57572275
1939,2017,5629917.35254349
1939,2018,5694159.12936424
1939,2019,5758400.90618498
1939,2020,5822642.68300572
1940,2000,4682473.5023719
1940,2001,4714355.54731321
1940,2002,4746237.59225451
1940,2003,4778119.63719582
1940,2004,4810001.68213713
1940,2005,4841883.72707843
1940,2006,4902088.51601531
1940,2007,4962293.3049522
1940,2008,5022498.09388908
1940,2009,5082702.88282596
1940,2010,5142907.67176284
1940,2011,5214612.89719068
1940,2012,5286318.12261851
1940,2013,5358023.34804634
1940,2014,5429728.57347418
1940,2015,5501433.79890201
1940,2016,5565675.57572275
1940,2017,5629917.35254349
1940,2018,5694159.12936424
1940,2019,5758400.90618498
1940,2020,5822642.68300572
1941,2000,4682473.5023719
1941,2001,4714355.54731321
1941,2002,4746237.59225451
1941,2003,4778119.63719582
1941,2004,4810001.68213713
1941,2005,4841883.72707843
1941,2006,4902088.51601531
1941,2007,4962293.3049522
1941,2008,5022498.09388908
1941,2009,5082702.88282596
1941,2010,5142907.67176284
1941,2011,5214612.89719068
1941,2012,5286318.12261851
1941,2013,5358023.34804634
1941,2014,5429728.57347418
1941,2015,5501433.79890201
1941,2016,5565675.57572275
1941,2017,5629917.35254349
1941,2018,5694159.12936424
1941,2019,5758400.90618498
1941,2020,5822642.68300572
1942,2000,4682473.5023719
1942,2001,4714355.54731321
1942,2002,4746237.59225451
1942,2003,4778119.63719582
1942,2004,4810001.68213713
1942,2005,4841883.72707843
1942,2006,4902088.51601531
1942,2007,4962293.3049522
1942,2008,5022498.09388908
1942,2009,5082702.88282596
1942,2010,5142907.67176284
1942,2011,5214612.89719068
1942,2012,5286318.12261851
1942,2013,5358023.34804634
1942,2014,5429728.57347418
1942,2015,5501433.79890201
1942,2016,5565675.57572275
1942,2017,5629917.35254349
1942,2018,5694159.12936424
1942,2019,5758400.90618498
1942,2020,5822642.68300572
1943,2000,4682473.5023719
1943,2001,4714355.54731321
1943,2002,4746237.59225451
1943,2003,4778119.63719582
1943,2004,4810001.68213713
1943,2005,4841883.72707843
1943,2006,4902088.51601531
1943,2007,4962293.3049522
1943,2008,5022498.09388908
1943,2009,5082702.88282596
1943,2010,5142907.67176284
1943,2011,5214612.89719068
1943,2012,5286318.12261851
1943,2013,5358023.34804634
1943,2014,5429728.57347418
1943,2015,5501433.79890201
1943,2016,5565675.57572275
1943,2017,5629917.35254349
1943,2018,5694159.12936424
1943,2019,5758400.90618498
1943,2020,5822642.68300572
2002,2000,4682473.5023719
2002,2001,4714355.54731321
2002,2002,4746237.59225451
2002,2003,4778119.63719582
2002,2004,4810001.68213713
2002,2005,4841883.72707843
2002,2006,4902088.51601531
2002,2007,4962293.3049522
2002,2008,5022498.09388908
2002,2009,5082702.88282596
2002,2010,5142907.67176284
2002,2011,5214612.89719068
2002,2012,5286318.12261851
2002,2013,5358023.34804634
2002,2014,5429728.57347418
2002,2015,5501433.79890201
2002,2016,5565675.57572275
2002,2017,5629917.35254349
2002,2018,5694159.12936424
2002,2019,5758400.90618498
2002,2020,5822642.68300572
2003,2000,4682473.5023719
2003,2001,4714355.54731321
2003,2002,4746237.59225451
2003,2003,4778119.63719582
2003,2004,4810001.68213713
2003,2005,4841883.72707843
2003,2006,4902088.51601531
2003,2007,4962293.3049522
2003,2008,5022498.09388908
2003,2009,5082702.88282596
2003,2010,5142907.67176284
2003,2011,5214612.89719068
2003,2012,5286318.12261851
2003,2013,5358023.34804634
2003,2014,5429728.57347418
2003,2015,5501433.79890201
2003,2016,5565675.57572275
2003,2017,5629917.35254349
2003,2018,5694159.12936424
2003,2019,5758400.90618498
2003,2020,5822642.68300572
2004,2000,4682473.5023719
2004,2001,4714355.54731321
2004,2002,4746237.59225451
2004,2003,4778119.63719582
2004,2004,4810001.68213713
2004,2005,4841883.72707843
2004,2006,4902088.51601531
2004,2007,4962293.3049522
2004,2008,5022498.09388908
2004,2009,5082702.88282596
2004,2010,5142907.67176284
2004,2011,5214612.89719068
2004,2012,5286318.12261851
2004,2013,5358023.34804634
2004,2014,5429728.57347418
2004,2015,5501433.79890201
2004,2016,5565675.57572275
2004,2017,5629917.35254349
2004,2018,5694159.12936424
2004,2019,5758400.90618498
2004,2020,5822642.68300572
2012,2000,4682473.5023719
2012,2001,4714355.54731321
2012,2002,4746237.59225451
2012,2003,4778119.63719582
2012,2004,4810001.68213713
2012,2005,4841883.72707843
2012,2006,4902088.51601531
2012,2007,4962293.3049522
2012,2008,5022498.09388908
2012,2009,5082702.88282596
2012,2010,5142907.67176284
2012,2011,5214612.89719068
2012,2012,5286318.12261851
2012,2013,5358023.34804634
2012,2014,5429728.57347418
2012,2015,5501433.79890201
2012,2016,5565675.57572275
2012,2017,5629917.35254349
2012,2018,5694159.12936424
2012,2019,5758400.90618498
2012,2020,5822642.68300572
2014,2000,4682473.5023719
2014,2001,4714355.54731321
2014,2002,4746237.59225451
2014,2003,4778119.63719582
2014,2004,4810001.68213713
2014,2005,4841883.72707843
2014,2006,4902088.51601531
2014,2007,4962293.3049522
2014,2008,5022498.09388908
2014,2009,5082702.88282596
2014,2010,5142907.67176284
2014,2011,5214612.89719068
2014,2012,5286318.12261851
2014,2013,5358023.34804634
2014,2014,5429728.57347418
2014,2015,5501433.79890201
2014,2016,5565675.57572275
2014,2017,5629917.35254349
2014,2018,5694159.12936424
2014,2019,5758400.90618498
2014,2020,5822642.68300572
2015,2000,4682473.5023719
2015,2001,4714355.54731321
2015,2002,4746237.59225451
2015,2003,4778119.63719582
2015,2004,4810001.68213713
2015,2005,4841883.72707843
2015,2006,4902088.51601531
2015,2007,4962293.3049522
2015,2008,5022498.09388908
2015,2009,5082702.88282596
2015,2010,5142907.67176284
2015,2011,5214612.89719068
2015,2012,5286318.12261851
2015,2013,5358023.34804634
2015,2014,5429728.57347418
2015,2015,5501433.79890201
2015,2016,5565675.57572275
2015,2017,5629917.35254349
2015,2018,5694159.12936424
2015,2019,5758400.90618498
2015,2020,5822642.68300572
2017,2000,4682473.5023719
2017,2001,4714355.54731321
2017,2002,4746237.59225451
2017,2003,4778119.63719582
2017,2004,4810001.68213713
2017,2005,4841883.72707843
2017,2006,4902088.51601531
2017,2007,4962293.3049522
2017,2008,5022498.09388908
2017,2009,5082702.88282596
2017,2010,5142907.67176284
2017,2011,5214612.89719068
2017,2012,5286318.12261851
2017,2013,5358023.34804634
2017,2014,5429728.57347418
2017,2015,5501433.79890201
2017,2016,5565675.57572275
2017,2017,5629917.35254349
2017,2018,5694159.12936424
2017,2019,5758400.90618498
2017,2020,5822642.68300572
2018,2000,4682473.5023719
2018,2001,4714355.54731321
2018,2002,4746237.59225451
2018,2003,4778119.63719582
2018,2004,4810001.68213713
2018,2005,4841883.72707843
2018,2006,4902088.51601531
2018,2007,4962293.3049522
2018,2008,5022498.09388908
2018,2009,5082702.88282596
2018,2010,5142907.67176284
2018,2011,5214612.89719068
2018,2012,5286318.12261851
2018,2013,5358023.34804634
2018,2014,5429728.57347418
2018,2015,5501433.79890201
2018,2016,5565675.57572275
2018,2017,5629917.35254349
2018,2018,5694159.12936424
2018,2019,5758400.90618498
2018,2020,5822642.68300572
2019,2000,4682473.5023719
2019,2001,4714355.54731321
2019,2002,4746237.59225451
2019,2003,4778119.63719582
2019,2004,4810001.68213713
2019,2005,4841883.72707843
2019,2006,4902088.51601531
2019,2007,4962293.3049522
2019,2008,5022498.09388908
2019,2009,5082702.88282596
2019,2010,5142907.67176284
2019,2011,5214612.89719068
2019,2012,5286318.12261851
2019,2013,5358023.34804634
2019,2014,5429728.57347418
2019,2015,5501433.79890201
2019,2016,5565675.57572275
2019,2017,5629917.35254349
2019,2018,5694159.12936424
2019,2019,5758400.90618498
2019,2020,5822642.68300572
2020,2000,4682473.5023719
2020,2001,4714355.54731321
2020,2002,4746237.59225451
2020,2003,4778119.63719582
2020,2004,4810001.68213713
2020,2005,4841883.72707843
2020,2006,4902088.51601531
2020,2007,4962293.3049522
2020,2008,5022498.09388908
2020,2009,5082702.88282596
2020,2010,5142907.67176284
2020,2011,5214612.89719068
2020,2012,5286318.12261851
2020,2013,5358023.34804634
2020,2014,5429728.57347418
2020,2015,5501433.79890201
2020,2016,5565675.57572275
2020,2017,5629917.35254349
2020,2018,5694159.12936424
2020,2019,5758400.90618498
2020,2020,5822642.68300572
2022,2000,4682473.5023719
2022,2001,4714355.54731321
2022,2002,4746237.59225451
2022,2003,4778119.63719582
2022,2004,4810001.68213713
2022,2005,4841883.72707843
2022,2006,4902088.51601531
2022,2007,4962293.3049522
2022,2008,5022498.09388908
2022,2009,5082702.88282596
2022,2010,5142907.67176284
2022,2011,5214612.89719068
2022,2012,5286318.12261851
2022,2013,5358023.34804634
2022,2014,5429728.57347418
2022,2015,5501433.79890201
2022,2016,5565675.57572275
2022,2017,5629917.35254349
2022,2018,5694159.12936424
2022,2019,5758400.90618498
2022,2020,5822642.68300572
2023,2000,4682473.5023719
2023,2001,4714355.54731321
2023,2002,4746237.59225451
2023,2003,4778119.63719582
2023,2004,4810001.68213713
2023,2005,4841883.72707843
2023,2006,4902088.51601531
2023,2007,4962293.3049522
2023,2008,5022498.09388908
2023,2009,5082702.88282596
2023,2010,5142907.67176284
2023,2011,5214612.89719068
2023,2012,5286318.12261851
2023,2013,5358023.34804634
2023,2014,5429728.57347418
2023,2015,5501433.79890201
2023,2016,5565675.57572275
2023,2017,5629917.35254349
2023,2018,5694159.12936424
2023,2019,5758400.90618498
2023,2020,5822642.68300572
2024,2000,4682473.5023719
2024,2001,4714355.54731321
2024,2002,4746237.59225451
2024,2003,4778119.63719582
2024,2004,4810001.68213713
2024,2005,4841883.72707843
2024,2006,4902088.51601531
2024,2007,4962293.3049522
2024,2008,5022498.09388908
2024,2009,5082702.88282596
2024,2010,5142907.67176284
2024,2011,5214612.89719068
2024,2012,5286318.12261851
2024,2013,5358023.34804634
2024,2014,5429728.57347418
2024,2015,5501433.79890201
2024,2016,5565675.57572275
2024,2017,5629917.35254349
2024,2018,5694159.12936424
2024,2019,5758400.90618498
2024,2020,5822642.68300572
2025,2000,4682473.5023719
2025,2001,4714355.54731321
2025,2002,4746237.59225451
2025,2003,4778119.63719582
2025,2004,4810001.68213713
2025,2005,4841883.72707843
2025,2006,4902088.51601531
2025,2007,4962293.3049522
2025,2008,5022498.09388908
2025,2009,5082702.88282596
2025,2010,5142907.67176284
2025,2011,5214612.89719068
2025,2012,5286318.12261851
2025,2013,5358023.34804634
2025,2014,5429728.57347418
2025,2015,5501433.79890201
2025,2016,5565675.57572275
2025,2017,5629917.35254349
2025,2018,5694159.12936424
2025,2019,5758400.90618498
2025,2020,5822642.68300572
2027,2000,4682473.5023719
2027,2001,4714355.54731321
2027,2002,4746237.59225451
2027,2003,4778119.63719582
2027,2004,4810001.68213713
2027,2005,4841883.72707843
2027,2006,4902088.51601531
2027,2007,4962293.3049522
2027,2008,5022498.09388908
2027,2009,5082702.88282596
2027,2010,5142907.67176284
2027,2011,5214612.89719068
2027,2012,5286318.12261851
2027,2013,5358023.34804634
2027,2014,5429728.57347418
2027,2015,5501433.79890201
2027,2016,5565675.57572275
2027,2017,5629917.35254349
2027,2018,5694159.12936424
2027,2019,5758400.90618498
2027,2020,5822642.68300572
2028,2000,4682473.5023719
2028,2001,4714355.54731321
2028,2002,4746237.59225451
2028,2003,4778119.63719582
2028,2004,4810001.68213713
2028,2005,4841883.72707843
2028,2006,4902088.51601531
2028,2007,4962293.3049522
2028,2008,5022498.09388908
2028,2009,5082702.88282596
2028,2010,5142907.67176284
2028,2011,5214612.89719068
2028,2012,5286318.12261851
2028,2013,5358023.34804634
2028,2014,5429728.57347418
2028,2015,5501433.79890201
2028,2016,5565675.57572275
2028,2017,5629917.35254349
2028,2018,5694159.12936424
2028,2019,5758400.90618498
2028,2020,5822642.68300572
2030,2000,4682473.5023719
2030,2001,4714355.54731321
2030,2002,4746237.59225451
2030,2003,4778119.63719582
2030,2004,4810001.68213713
2030,2005,4841883.72707843
2030,2006,4902088.51601531
2030,2007,4962293.3049522
2030,2008,5022498.09388908
2030,2009,5082702.88282596
2030,2010,5142907.67176284
2030,2011,5214612.89719068
2030,2012,5286318.12261851
2030,2013,5358023.34804634
2030,2014,5429728.57347418
2030,2015,5501433.79890201
2030,2016,5565675.57572275
2030,2017,5629917.35254349
2030,2018,5694159.12936424
2030,2019,5758400.90618498
2030,2020,5822642.68300572
