rgn_id,year,Ep
1804,1995,0.0646225
1804,1996,0.0711025
1804,1997,0.0727841
1804,1998,0.070314
1804,1999,0.074474
1804,2000,0.0743473
1804,2001,0.070821
1804,2002,0.066496
1804,2003,0.0633791
1804,2004,0.0576468
1804,2005,0.0579462
1804,2006,0.0562922
1804,2007,0.0577328
1804,2008,0.0581382
1804,2009,0.0574428
1804,2010,0.0596237
1804,2011,0.0604112
1804,2012,0.0600856
1804,2013,0.0604249
1804,2014,0.0620195
1804,2015,0.0660951
1804,2016,0.0661059
1804,2017,0.0648286
1804,2018,0.0659227
1804,2019,0.0661403
1804,2020,0.0665173
1804,2021,0.0670393
1804,2022,0.0676247
1804,2023,0.0683277
1804,2024,0.069052
1804,2025,0.0698586
1804,2026,0.070683
1804,2027,0.0715712
1804,2028,0.0716961
1805,1995,0.0646225
1805,1996,0.0711025
1805,1997,0.0727841
1805,1998,0.070314
1805,1999,0.074474
1805,2000,0.0743473
1805,2001,0.070821
1805,2002,0.066496
1805,2003,0.0633791
1805,2004,0.0576468
1805,2005,0.0579462
1805,2006,0.0562922
1805,2007,0.0577328
1805,2008,0.0581382
1805,2009,0.0574428
1805,2010,0.0596237
1805,2011,0.0604112
1805,2012,0.0600856
1805,2013,0.0604249
1805,2014,0.0620195
1805,2015,0.0660951
1805,2016,0.0661059
1805,2017,0.0648286
1805,2018,0.0659227
1805,2019,0.0661403
1805,2020,0.0665173
1805,2021,0.0670393
1805,2022,0.0676247
1805,2023,0.0683277
1805,2024,0.069052
1805,2025,0.0698586
1805,2026,0.070683
1805,2027,0.0715712
1805,2028,0.0716961
1811,1995,0.0646225
1811,1996,0.0711025
1811,1997,0.0727841
1811,1998,0.070314
1811,1999,0.074474
1811,2000,0.0743473
1811,2001,0.070821
1811,2002,0.066496
1811,2003,0.0633791
1811,2004,0.0576468
1811,2005,0.0579462
1811,2006,0.0562922
1811,2007,0.0577328
1811,2008,0.0581382
1811,2009,0.0574428
1811,2010,0.0596237
1811,2011,0.0604112
1811,2012,0.0600856
1811,2013,0.0604249
1811,2014,0.0620195
1811,2015,0.0660951
1811,2016,0.0661059
1811,2017,0.0648286
1811,2018,0.0659227
1811,2019,0.0661403
1811,2020,0.0665173
1811,2021,0.0670393
1811,2022,0.0676247
1811,2023,0.0683277
1811,2024,0.069052
1811,2025,0.0698586
1811,2026,0.070683
1811,2027,0.0715712
1811,2028,0.0716961
1812,1995,0.0646225
1812,1996,0.0711025
1812,1997,0.0727841
1812,1998,0.070314
1812,1999,0.074474
1812,2000,0.0743473
1812,2001,0.070821
1812,2002,0.066496
1812,2003,0.0633791
1812,2004,0.0576468
1812,2005,0.0579462
1812,2006,0.0562922
1812,2007,0.0577328
1812,2008,0.0581382
1812,2009,0.0574428
1812,2010,0.0596237
1812,2011,0.0604112
1812,2012,0.0600856
1812,2013,0.0604249
1812,2014,0.0620195
1812,2015,0.0660951
1812,2016,0.0661059
1812,2017,0.0648286
1812,2018,0.0659227
1812,2019,0.0661403
1812,2020,0.0665173
1812,2021,0.0670393
1812,2022,0.0676247
1812,2023,0.0683277
1812,2024,0.069052
1812,2025,0.0698586
1812,2026,0.070683
1812,2027,0.0715712
1812,2028,0.0716961
1813,1995,0.0646225
1813,1996,0.0711025
1813,1997,0.0727841
1813,1998,0.070314
1813,1999,0.074474
1813,2000,0.0743473
1813,2001,0.070821
1813,2002,0.066496
1813,2003,0.0633791
1813,2004,0.0576468
1813,2005,0.0579462
1813,2006,0.0562922
1813,2007,0.0577328
1813,2008,0.0581382
1813,2009,0.0574428
1813,2010,0.0596237
1813,2011,0.0604112
1813,2012,0.0600856
1813,2013,0.0604249
1813,2014,0.0620195
1813,2015,0.0660951
1813,2016,0.0661059
1813,2017,0.0648286
1813,2018,0.0659227
1813,2019,0.0661403
1813,2020,0.0665173
1813,2021,0.0670393
1813,2022,0.0676247
1813,2023,0.0683277
1813,2024,0.069052
1813,2025,0.0698586
1813,2026,0.070683
1813,2027,0.0715712
1813,2028,0.0716961
1815,1995,0.0646225
1815,1996,0.0711025
1815,1997,0.0727841
1815,1998,0.070314
1815,1999,0.074474
1815,2000,0.0743473
1815,2001,0.070821
1815,2002,0.066496
1815,2003,0.0633791
1815,2004,0.0576468
1815,2005,0.0579462
1815,2006,0.0562922
1815,2007,0.0577328
1815,2008,0.0581382
1815,2009,0.0574428
1815,2010,0.0596237
1815,2011,0.0604112
1815,2012,0.0600856
1815,2013,0.0604249
1815,2014,0.0620195
1815,2015,0.0660951
1815,2016,0.0661059
1815,2017,0.0648286
1815,2018,0.0659227
1815,2019,0.0661403
1815,2020,0.0665173
1815,2021,0.0670393
1815,2022,0.0676247
1815,2023,0.0683277
1815,2024,0.069052
1815,2025,0.0698586
1815,2026,0.070683
1815,2027,0.0715712
1815,2028,0.0716961
1816,1995,0.0646225
1816,1996,0.0711025
1816,1997,0.0727841
1816,1998,0.070314
1816,1999,0.074474
1816,2000,0.0743473
1816,2001,0.070821
1816,2002,0.066496
1816,2003,0.0633791
1816,2004,0.0576468
1816,2005,0.0579462
1816,2006,0.0562922
1816,2007,0.0577328
1816,2008,0.0581382
1816,2009,0.0574428
1816,2010,0.0596237
1816,2011,0.0604112
1816,2012,0.0600856
1816,2013,0.0604249
1816,2014,0.0620195
1816,2015,0.0660951
1816,2016,0.0661059
1816,2017,0.0648286
1816,2018,0.0659227
1816,2019,0.0661403
1816,2020,0.0665173
1816,2021,0.0670393
1816,2022,0.0676247
1816,2023,0.0683277
1816,2024,0.069052
1816,2025,0.0698586
1816,2026,0.070683
1816,2027,0.0715712
1816,2028,0.0716961
1818,1995,0.0646225
1818,1996,0.0711025
1818,1997,0.0727841
1818,1998,0.070314
1818,1999,0.074474
1818,2000,0.0743473
1818,2001,0.070821
1818,2002,0.066496
1818,2003,0.0633791
1818,2004,0.0576468
1818,2005,0.0579462
1818,2006,0.0562922
1818,2007,0.0577328
1818,2008,0.0581382
1818,2009,0.0574428
1818,2010,0.0596237
1818,2011,0.0604112
1818,2012,0.0600856
1818,2013,0.0604249
1818,2014,0.0620195
1818,2015,0.0660951
1818,2016,0.0661059
1818,2017,0.0648286
1818,2018,0.0659227
1818,2019,0.0661403
1818,2020,0.0665173
1818,2021,0.0670393
1818,2022,0.0676247
1818,2023,0.0683277
1818,2024,0.069052
1818,2025,0.0698586
1818,2026,0.070683
1818,2027,0.0715712
1818,2028,0.0716961
1820,1995,0.0646225
1820,1996,0.0711025
1820,1997,0.0727841
1820,1998,0.070314
1820,1999,0.074474
1820,2000,0.0743473
1820,2001,0.070821
1820,2002,0.066496
1820,2003,0.0633791
1820,2004,0.0576468
1820,2005,0.0579462
1820,2006,0.0562922
1820,2007,0.0577328
1820,2008,0.0581382
1820,2009,0.0574428
1820,2010,0.0596237
1820,2011,0.0604112
1820,2012,0.0600856
1820,2013,0.0604249
1820,2014,0.0620195
1820,2015,0.0660951
1820,2016,0.0661059
1820,2017,0.0648286
1820,2018,0.0659227
1820,2019,0.0661403
1820,2020,0.0665173
1820,2021,0.0670393
1820,2022,0.0676247
1820,2023,0.0683277
1820,2024,0.069052
1820,2025,0.0698586
1820,2026,0.070683
1820,2027,0.0715712
1820,2028,0.0716961
1822,1995,0.0646225
1822,1996,0.0711025
1822,1997,0.0727841
1822,1998,0.070314
1822,1999,0.074474
1822,2000,0.0743473
1822,2001,0.070821
1822,2002,0.066496
1822,2003,0.0633791
1822,2004,0.0576468
1822,2005,0.0579462
1822,2006,0.0562922
1822,2007,0.0577328
1822,2008,0.0581382
1822,2009,0.0574428
1822,2010,0.0596237
1822,2011,0.0604112
1822,2012,0.0600856
1822,2013,0.0604249
1822,2014,0.0620195
1822,2015,0.0660951
1822,2016,0.0661059
1822,2017,0.0648286
1822,2018,0.0659227
1822,2019,0.0661403
1822,2020,0.0665173
1822,2021,0.0670393
1822,2022,0.0676247
1822,2023,0.0683277
1822,2024,0.069052
1822,2025,0.0698586
1822,2026,0.070683
1822,2027,0.0715712
1822,2028,0.0716961
1824,1995,0.0646225
1824,1996,0.0711025
1824,1997,0.0727841
1824,1998,0.070314
1824,1999,0.074474
1824,2000,0.0743473
1824,2001,0.070821
1824,2002,0.066496
1824,2003,0.0633791
1824,2004,0.0576468
1824,2005,0.0579462
1824,2006,0.0562922
1824,2007,0.0577328
1824,2008,0.0581382
1824,2009,0.0574428
1824,2010,0.0596237
1824,2011,0.0604112
1824,2012,0.0600856
1824,2013,0.0604249
1824,2014,0.0620195
1824,2015,0.0660951
1824,2016,0.0661059
1824,2017,0.0648286
1824,2018,0.0659227
1824,2019,0.0661403
1824,2020,0.0665173
1824,2021,0.0670393
1824,2022,0.0676247
1824,2023,0.0683277
1824,2024,0.069052
1824,2025,0.0698586
1824,2026,0.070683
1824,2027,0.0715712
1824,2028,0.0716961
1827,1995,0.0646225
1827,1996,0.0711025
1827,1997,0.0727841
1827,1998,0.070314
1827,1999,0.074474
1827,2000,0.0743473
1827,2001,0.070821
1827,2002,0.066496
1827,2003,0.0633791
1827,2004,0.0576468
1827,2005,0.0579462
1827,2006,0.0562922
1827,2007,0.0577328
1827,2008,0.0581382
1827,2009,0.0574428
1827,2010,0.0596237
1827,2011,0.0604112
1827,2012,0.0600856
1827,2013,0.0604249
1827,2014,0.0620195
1827,2015,0.0660951
1827,2016,0.0661059
1827,2017,0.0648286
1827,2018,0.0659227
1827,2019,0.0661403
1827,2020,0.0665173
1827,2021,0.0670393
1827,2022,0.0676247
1827,2023,0.0683277
1827,2024,0.069052
1827,2025,0.0698586
1827,2026,0.070683
1827,2027,0.0715712
1827,2028,0.0716961
1828,1995,0.0646225
1828,1996,0.0711025
1828,1997,0.0727841
1828,1998,0.070314
1828,1999,0.074474
1828,2000,0.0743473
1828,2001,0.070821
1828,2002,0.066496
1828,2003,0.0633791
1828,2004,0.0576468
1828,2005,0.0579462
1828,2006,0.0562922
1828,2007,0.0577328
1828,2008,0.0581382
1828,2009,0.0574428
1828,2010,0.0596237
1828,2011,0.0604112
1828,2012,0.0600856
1828,2013,0.0604249
1828,2014,0.0620195
1828,2015,0.0660951
1828,2016,0.0661059
1828,2017,0.0648286
1828,2018,0.0659227
1828,2019,0.0661403
1828,2020,0.0665173
1828,2021,0.0670393
1828,2022,0.0676247
1828,2023,0.0683277
1828,2024,0.069052
1828,2025,0.0698586
1828,2026,0.070683
1828,2027,0.0715712
1828,2028,0.0716961
1832,1995,0.0646225
1832,1996,0.0711025
1832,1997,0.0727841
1832,1998,0.070314
1832,1999,0.074474
1832,2000,0.0743473
1832,2001,0.070821
1832,2002,0.066496
1832,2003,0.0633791
1832,2004,0.0576468
1832,2005,0.0579462
1832,2006,0.0562922
1832,2007,0.0577328
1832,2008,0.0581382
1832,2009,0.0574428
1832,2010,0.0596237
1832,2011,0.0604112
1832,2012,0.0600856
1832,2013,0.0604249
1832,2014,0.0620195
1832,2015,0.0660951
1832,2016,0.0661059
1832,2017,0.0648286
1832,2018,0.0659227
1832,2019,0.0661403
1832,2020,0.0665173
1832,2021,0.0670393
1832,2022,0.0676247
1832,2023,0.0683277
1832,2024,0.069052
1832,2025,0.0698586
1832,2026,0.070683
1832,2027,0.0715712
1832,2028,0.0716961
1833,1995,0.0646225
1833,1996,0.0711025
1833,1997,0.0727841
1833,1998,0.070314
1833,1999,0.074474
1833,2000,0.0743473
1833,2001,0.070821
1833,2002,0.066496
1833,2003,0.0633791
1833,2004,0.0576468
1833,2005,0.0579462
1833,2006,0.0562922
1833,2007,0.0577328
1833,2008,0.0581382
1833,2009,0.0574428
1833,2010,0.0596237
1833,2011,0.0604112
1833,2012,0.0600856
1833,2013,0.0604249
1833,2014,0.0620195
1833,2015,0.0660951
1833,2016,0.0661059
1833,2017,0.0648286
1833,2018,0.0659227
1833,2019,0.0661403
1833,2020,0.0665173
1833,2021,0.0670393
1833,2022,0.0676247
1833,2023,0.0683277
1833,2024,0.069052
1833,2025,0.0698586
1833,2026,0.070683
1833,2027,0.0715712
1833,2028,0.0716961
1834,1995,0.0646225
1834,1996,0.0711025
1834,1997,0.0727841
1834,1998,0.070314
1834,1999,0.074474
1834,2000,0.0743473
1834,2001,0.070821
1834,2002,0.066496
1834,2003,0.0633791
1834,2004,0.0576468
1834,2005,0.0579462
1834,2006,0.0562922
1834,2007,0.0577328
1834,2008,0.0581382
1834,2009,0.0574428
1834,2010,0.0596237
1834,2011,0.0604112
1834,2012,0.0600856
1834,2013,0.0604249
1834,2014,0.0620195
1834,2015,0.0660951
1834,2016,0.0661059
1834,2017,0.0648286
1834,2018,0.0659227
1834,2019,0.0661403
1834,2020,0.0665173
1834,2021,0.0670393
1834,2022,0.0676247
1834,2023,0.0683277
1834,2024,0.069052
1834,2025,0.0698586
1834,2026,0.070683
1834,2027,0.0715712
1834,2028,0.0716961
1835,1995,0.0646225
1835,1996,0.0711025
1835,1997,0.0727841
1835,1998,0.070314
1835,1999,0.074474
1835,2000,0.0743473
1835,2001,0.070821
1835,2002,0.066496
1835,2003,0.0633791
1835,2004,0.0576468
1835,2005,0.0579462
1835,2006,0.0562922
1835,2007,0.0577328
1835,2008,0.0581382
1835,2009,0.0574428
1835,2010,0.0596237
1835,2011,0.0604112
1835,2012,0.0600856
1835,2013,0.0604249
1835,2014,0.0620195
1835,2015,0.0660951
1835,2016,0.0661059
1835,2017,0.0648286
1835,2018,0.0659227
1835,2019,0.0661403
1835,2020,0.0665173
1835,2021,0.0670393
1835,2022,0.0676247
1835,2023,0.0683277
1835,2024,0.069052
1835,2025,0.0698586
1835,2026,0.070683
1835,2027,0.0715712
1835,2028,0.0716961
1836,1995,0.0646225
1836,1996,0.0711025
1836,1997,0.0727841
1836,1998,0.070314
1836,1999,0.074474
1836,2000,0.0743473
1836,2001,0.070821
1836,2002,0.066496
1836,2003,0.0633791
1836,2004,0.0576468
1836,2005,0.0579462
1836,2006,0.0562922
1836,2007,0.0577328
1836,2008,0.0581382
1836,2009,0.0574428
1836,2010,0.0596237
1836,2011,0.0604112
1836,2012,0.0600856
1836,2013,0.0604249
1836,2014,0.0620195
1836,2015,0.0660951
1836,2016,0.0661059
1836,2017,0.0648286
1836,2018,0.0659227
1836,2019,0.0661403
1836,2020,0.0665173
1836,2021,0.0670393
1836,2022,0.0676247
1836,2023,0.0683277
1836,2024,0.069052
1836,2025,0.0698586
1836,2026,0.070683
1836,2027,0.0715712
1836,2028,0.0716961
1837,1995,0.0646225
1837,1996,0.0711025
1837,1997,0.0727841
1837,1998,0.070314
1837,1999,0.074474
1837,2000,0.0743473
1837,2001,0.070821
1837,2002,0.066496
1837,2003,0.0633791
1837,2004,0.0576468
1837,2005,0.0579462
1837,2006,0.0562922
1837,2007,0.0577328
1837,2008,0.0581382
1837,2009,0.0574428
1837,2010,0.0596237
1837,2011,0.0604112
1837,2012,0.0600856
1837,2013,0.0604249
1837,2014,0.0620195
1837,2015,0.0660951
1837,2016,0.0661059
1837,2017,0.0648286
1837,2018,0.0659227
1837,2019,0.0661403
1837,2020,0.0665173
1837,2021,0.0670393
1837,2022,0.0676247
1837,2023,0.0683277
1837,2024,0.069052
1837,2025,0.0698586
1837,2026,0.070683
1837,2027,0.0715712
1837,2028,0.0716961
1838,1995,0.0646225
1838,1996,0.0711025
1838,1997,0.0727841
1838,1998,0.070314
1838,1999,0.074474
1838,2000,0.0743473
1838,2001,0.070821
1838,2002,0.066496
1838,2003,0.0633791
1838,2004,0.0576468
1838,2005,0.0579462
1838,2006,0.0562922
1838,2007,0.0577328
1838,2008,0.0581382
1838,2009,0.0574428
1838,2010,0.0596237
1838,2011,0.0604112
1838,2012,0.0600856
1838,2013,0.0604249
1838,2014,0.0620195
1838,2015,0.0660951
1838,2016,0.0661059
1838,2017,0.0648286
1838,2018,0.0659227
1838,2019,0.0661403
1838,2020,0.0665173
1838,2021,0.0670393
1838,2022,0.0676247
1838,2023,0.0683277
1838,2024,0.069052
1838,2025,0.0698586
1838,2026,0.070683
1838,2027,0.0715712
1838,2028,0.0716961
1840,1995,0.0646225
1840,1996,0.0711025
1840,1997,0.0727841
1840,1998,0.070314
1840,1999,0.074474
1840,2000,0.0743473
1840,2001,0.070821
1840,2002,0.066496
1840,2003,0.0633791
1840,2004,0.0576468
1840,2005,0.0579462
1840,2006,0.0562922
1840,2007,0.0577328
1840,2008,0.0581382
1840,2009,0.0574428
1840,2010,0.0596237
1840,2011,0.0604112
1840,2012,0.0600856
1840,2013,0.0604249
1840,2014,0.0620195
1840,2015,0.0660951
1840,2016,0.0661059
1840,2017,0.0648286
1840,2018,0.0659227
1840,2019,0.0661403
1840,2020,0.0665173
1840,2021,0.0670393
1840,2022,0.0676247
1840,2023,0.0683277
1840,2024,0.069052
1840,2025,0.0698586
1840,2026,0.070683
1840,2027,0.0715712
1840,2028,0.0716961
1841,1995,0.0646225
1841,1996,0.0711025
1841,1997,0.0727841
1841,1998,0.070314
1841,1999,0.074474
1841,2000,0.0743473
1841,2001,0.070821
1841,2002,0.066496
1841,2003,0.0633791
1841,2004,0.0576468
1841,2005,0.0579462
1841,2006,0.0562922
1841,2007,0.0577328
1841,2008,0.0581382
1841,2009,0.0574428
1841,2010,0.0596237
1841,2011,0.0604112
1841,2012,0.0600856
1841,2013,0.0604249
1841,2014,0.0620195
1841,2015,0.0660951
1841,2016,0.0661059
1841,2017,0.0648286
1841,2018,0.0659227
1841,2019,0.0661403
1841,2020,0.0665173
1841,2021,0.0670393
1841,2022,0.0676247
1841,2023,0.0683277
1841,2024,0.069052
1841,2025,0.0698586
1841,2026,0.070683
1841,2027,0.0715712
1841,2028,0.0716961
1845,1995,0.0646225
1845,1996,0.0711025
1845,1997,0.0727841
1845,1998,0.070314
1845,1999,0.074474
1845,2000,0.0743473
1845,2001,0.070821
1845,2002,0.066496
1845,2003,0.0633791
1845,2004,0.0576468
1845,2005,0.0579462
1845,2006,0.0562922
1845,2007,0.0577328
1845,2008,0.0581382
1845,2009,0.0574428
1845,2010,0.0596237
1845,2011,0.0604112
1845,2012,0.0600856
1845,2013,0.0604249
1845,2014,0.0620195
1845,2015,0.0660951
1845,2016,0.0661059
1845,2017,0.0648286
1845,2018,0.0659227
1845,2019,0.0661403
1845,2020,0.0665173
1845,2021,0.0670393
1845,2022,0.0676247
1845,2023,0.0683277
1845,2024,0.069052
1845,2025,0.0698586
1845,2026,0.070683
1845,2027,0.0715712
1845,2028,0.0716961
1848,1995,0.0646225
1848,1996,0.0711025
1848,1997,0.0727841
1848,1998,0.070314
1848,1999,0.074474
1848,2000,0.0743473
1848,2001,0.070821
1848,2002,0.066496
1848,2003,0.0633791
1848,2004,0.0576468
1848,2005,0.0579462
1848,2006,0.0562922
1848,2007,0.0577328
1848,2008,0.0581382
1848,2009,0.0574428
1848,2010,0.0596237
1848,2011,0.0604112
1848,2012,0.0600856
1848,2013,0.0604249
1848,2014,0.0620195
1848,2015,0.0660951
1848,2016,0.0661059
1848,2017,0.0648286
1848,2018,0.0659227
1848,2019,0.0661403
1848,2020,0.0665173
1848,2021,0.0670393
1848,2022,0.0676247
1848,2023,0.0683277
1848,2024,0.069052
1848,2025,0.0698586
1848,2026,0.070683
1848,2027,0.0715712
1848,2028,0.0716961
1849,1995,0.0646225
1849,1996,0.0711025
1849,1997,0.0727841
1849,1998,0.070314
1849,1999,0.074474
1849,2000,0.0743473
1849,2001,0.070821
1849,2002,0.066496
1849,2003,0.0633791
1849,2004,0.0576468
1849,2005,0.0579462
1849,2006,0.0562922
1849,2007,0.0577328
1849,2008,0.0581382
1849,2009,0.0574428
1849,2010,0.0596237
1849,2011,0.0604112
1849,2012,0.0600856
1849,2013,0.0604249
1849,2014,0.0620195
1849,2015,0.0660951
1849,2016,0.0661059
1849,2017,0.0648286
1849,2018,0.0659227
1849,2019,0.0661403
1849,2020,0.0665173
1849,2021,0.0670393
1849,2022,0.0676247
1849,2023,0.0683277
1849,2024,0.069052
1849,2025,0.0698586
1849,2026,0.070683
1849,2027,0.0715712
1849,2028,0.0716961
1850,1995,0.0646225
1850,1996,0.0711025
1850,1997,0.0727841
1850,1998,0.070314
1850,1999,0.074474
1850,2000,0.0743473
1850,2001,0.070821
1850,2002,0.066496
1850,2003,0.0633791
1850,2004,0.0576468
1850,2005,0.0579462
1850,2006,0.0562922
1850,2007,0.0577328
1850,2008,0.0581382
1850,2009,0.0574428
1850,2010,0.0596237
1850,2011,0.0604112
1850,2012,0.0600856
1850,2013,0.0604249
1850,2014,0.0620195
1850,2015,0.0660951
1850,2016,0.0661059
1850,2017,0.0648286
1850,2018,0.0659227
1850,2019,0.0661403
1850,2020,0.0665173
1850,2021,0.0670393
1850,2022,0.0676247
1850,2023,0.0683277
1850,2024,0.069052
1850,2025,0.0698586
1850,2026,0.070683
1850,2027,0.0715712
1850,2028,0.0716961
1851,1995,0.0646225
1851,1996,0.0711025
1851,1997,0.0727841
1851,1998,0.070314
1851,1999,0.074474
1851,2000,0.0743473
1851,2001,0.070821
1851,2002,0.066496
1851,2003,0.0633791
1851,2004,0.0576468
1851,2005,0.0579462
1851,2006,0.0562922
1851,2007,0.0577328
1851,2008,0.0581382
1851,2009,0.0574428
1851,2010,0.0596237
1851,2011,0.0604112
1851,2012,0.0600856
1851,2013,0.0604249
1851,2014,0.0620195
1851,2015,0.0660951
1851,2016,0.0661059
1851,2017,0.0648286
1851,2018,0.0659227
1851,2019,0.0661403
1851,2020,0.0665173
1851,2021,0.0670393
1851,2022,0.0676247
1851,2023,0.0683277
1851,2024,0.069052
1851,2025,0.0698586
1851,2026,0.070683
1851,2027,0.0715712
1851,2028,0.0716961
1852,1995,0.0646225
1852,1996,0.0711025
1852,1997,0.0727841
1852,1998,0.070314
1852,1999,0.074474
1852,2000,0.0743473
1852,2001,0.070821
1852,2002,0.066496
1852,2003,0.0633791
1852,2004,0.0576468
1852,2005,0.0579462
1852,2006,0.0562922
1852,2007,0.0577328
1852,2008,0.0581382
1852,2009,0.0574428
1852,2010,0.0596237
1852,2011,0.0604112
1852,2012,0.0600856
1852,2013,0.0604249
1852,2014,0.0620195
1852,2015,0.0660951
1852,2016,0.0661059
1852,2017,0.0648286
1852,2018,0.0659227
1852,2019,0.0661403
1852,2020,0.0665173
1852,2021,0.0670393
1852,2022,0.0676247
1852,2023,0.0683277
1852,2024,0.069052
1852,2025,0.0698586
1852,2026,0.070683
1852,2027,0.0715712
1852,2028,0.0716961
1853,1995,0.0646225
1853,1996,0.0711025
1853,1997,0.0727841
1853,1998,0.070314
1853,1999,0.074474
1853,2000,0.0743473
1853,2001,0.070821
1853,2002,0.066496
1853,2003,0.0633791
1853,2004,0.0576468
1853,2005,0.0579462
1853,2006,0.0562922
1853,2007,0.0577328
1853,2008,0.0581382
1853,2009,0.0574428
1853,2010,0.0596237
1853,2011,0.0604112
1853,2012,0.0600856
1853,2013,0.0604249
1853,2014,0.0620195
1853,2015,0.0660951
1853,2016,0.0661059
1853,2017,0.0648286
1853,2018,0.0659227
1853,2019,0.0661403
1853,2020,0.0665173
1853,2021,0.0670393
1853,2022,0.0676247
1853,2023,0.0683277
1853,2024,0.069052
1853,2025,0.0698586
1853,2026,0.070683
1853,2027,0.0715712
1853,2028,0.0716961
1854,1995,0.0646225
1854,1996,0.0711025
1854,1997,0.0727841
1854,1998,0.070314
1854,1999,0.074474
1854,2000,0.0743473
1854,2001,0.070821
1854,2002,0.066496
1854,2003,0.0633791
1854,2004,0.0576468
1854,2005,0.0579462
1854,2006,0.0562922
1854,2007,0.0577328
1854,2008,0.0581382
1854,2009,0.0574428
1854,2010,0.0596237
1854,2011,0.0604112
1854,2012,0.0600856
1854,2013,0.0604249
1854,2014,0.0620195
1854,2015,0.0660951
1854,2016,0.0661059
1854,2017,0.0648286
1854,2018,0.0659227
1854,2019,0.0661403
1854,2020,0.0665173
1854,2021,0.0670393
1854,2022,0.0676247
1854,2023,0.0683277
1854,2024,0.069052
1854,2025,0.0698586
1854,2026,0.070683
1854,2027,0.0715712
1854,2028,0.0716961
1856,1995,0.0646225
1856,1996,0.0711025
1856,1997,0.0727841
1856,1998,0.070314
1856,1999,0.074474
1856,2000,0.0743473
1856,2001,0.070821
1856,2002,0.066496
1856,2003,0.0633791
1856,2004,0.0576468
1856,2005,0.0579462
1856,2006,0.0562922
1856,2007,0.0577328
1856,2008,0.0581382
1856,2009,0.0574428
1856,2010,0.0596237
1856,2011,0.0604112
1856,2012,0.0600856
1856,2013,0.0604249
1856,2014,0.0620195
1856,2015,0.0660951
1856,2016,0.0661059
1856,2017,0.0648286
1856,2018,0.0659227
1856,2019,0.0661403
1856,2020,0.0665173
1856,2021,0.0670393
1856,2022,0.0676247
1856,2023,0.0683277
1856,2024,0.069052
1856,2025,0.0698586
1856,2026,0.070683
1856,2027,0.0715712
1856,2028,0.0716961
1857,1995,0.0646225
1857,1996,0.0711025
1857,1997,0.0727841
1857,1998,0.070314
1857,1999,0.074474
1857,2000,0.0743473
1857,2001,0.070821
1857,2002,0.066496
1857,2003,0.0633791
1857,2004,0.0576468
1857,2005,0.0579462
1857,2006,0.0562922
1857,2007,0.0577328
1857,2008,0.0581382
1857,2009,0.0574428
1857,2010,0.0596237
1857,2011,0.0604112
1857,2012,0.0600856
1857,2013,0.0604249
1857,2014,0.0620195
1857,2015,0.0660951
1857,2016,0.0661059
1857,2017,0.0648286
1857,2018,0.0659227
1857,2019,0.0661403
1857,2020,0.0665173
1857,2021,0.0670393
1857,2022,0.0676247
1857,2023,0.0683277
1857,2024,0.069052
1857,2025,0.0698586
1857,2026,0.070683
1857,2027,0.0715712
1857,2028,0.0716961
1859,1995,0.0646225
1859,1996,0.0711025
1859,1997,0.0727841
1859,1998,0.070314
1859,1999,0.074474
1859,2000,0.0743473
1859,2001,0.070821
1859,2002,0.066496
1859,2003,0.0633791
1859,2004,0.0576468
1859,2005,0.0579462
1859,2006,0.0562922
1859,2007,0.0577328
1859,2008,0.0581382
1859,2009,0.0574428
1859,2010,0.0596237
1859,2011,0.0604112
1859,2012,0.0600856
1859,2013,0.0604249
1859,2014,0.0620195
1859,2015,0.0660951
1859,2016,0.0661059
1859,2017,0.0648286
1859,2018,0.0659227
1859,2019,0.0661403
1859,2020,0.0665173
1859,2021,0.0670393
1859,2022,0.0676247
1859,2023,0.0683277
1859,2024,0.069052
1859,2025,0.0698586
1859,2026,0.070683
1859,2027,0.0715712
1859,2028,0.0716961
1860,1995,0.0646225
1860,1996,0.0711025
1860,1997,0.0727841
1860,1998,0.070314
1860,1999,0.074474
1860,2000,0.0743473
1860,2001,0.070821
1860,2002,0.066496
1860,2003,0.0633791
1860,2004,0.0576468
1860,2005,0.0579462
1860,2006,0.0562922
1860,2007,0.0577328
1860,2008,0.0581382
1860,2009,0.0574428
1860,2010,0.0596237
1860,2011,0.0604112
1860,2012,0.0600856
1860,2013,0.0604249
1860,2014,0.0620195
1860,2015,0.0660951
1860,2016,0.0661059
1860,2017,0.0648286
1860,2018,0.0659227
1860,2019,0.0661403
1860,2020,0.0665173
1860,2021,0.0670393
1860,2022,0.0676247
1860,2023,0.0683277
1860,2024,0.069052
1860,2025,0.0698586
1860,2026,0.070683
1860,2027,0.0715712
1860,2028,0.0716961
1865,1995,0.0646225
1865,1996,0.0711025
1865,1997,0.0727841
1865,1998,0.070314
1865,1999,0.074474
1865,2000,0.0743473
1865,2001,0.070821
1865,2002,0.066496
1865,2003,0.0633791
1865,2004,0.0576468
1865,2005,0.0579462
1865,2006,0.0562922
1865,2007,0.0577328
1865,2008,0.0581382
1865,2009,0.0574428
1865,2010,0.0596237
1865,2011,0.0604112
1865,2012,0.0600856
1865,2013,0.0604249
1865,2014,0.0620195
1865,2015,0.0660951
1865,2016,0.0661059
1865,2017,0.0648286
1865,2018,0.0659227
1865,2019,0.0661403
1865,2020,0.0665173
1865,2021,0.0670393
1865,2022,0.0676247
1865,2023,0.0683277
1865,2024,0.069052
1865,2025,0.0698586
1865,2026,0.070683
1865,2027,0.0715712
1865,2028,0.0716961
1866,1995,0.0646225
1866,1996,0.0711025
1866,1997,0.0727841
1866,1998,0.070314
1866,1999,0.074474
1866,2000,0.0743473
1866,2001,0.070821
1866,2002,0.066496
1866,2003,0.0633791
1866,2004,0.0576468
1866,2005,0.0579462
1866,2006,0.0562922
1866,2007,0.0577328
1866,2008,0.0581382
1866,2009,0.0574428
1866,2010,0.0596237
1866,2011,0.0604112
1866,2012,0.0600856
1866,2013,0.0604249
1866,2014,0.0620195
1866,2015,0.0660951
1866,2016,0.0661059
1866,2017,0.0648286
1866,2018,0.0659227
1866,2019,0.0661403
1866,2020,0.0665173
1866,2021,0.0670393
1866,2022,0.0676247
1866,2023,0.0683277
1866,2024,0.069052
1866,2025,0.0698586
1866,2026,0.070683
1866,2027,0.0715712
1866,2028,0.0716961
1867,1995,0.0646225
1867,1996,0.0711025
1867,1997,0.0727841
1867,1998,0.070314
1867,1999,0.074474
1867,2000,0.0743473
1867,2001,0.070821
1867,2002,0.066496
1867,2003,0.0633791
1867,2004,0.0576468
1867,2005,0.0579462
1867,2006,0.0562922
1867,2007,0.0577328
1867,2008,0.0581382
1867,2009,0.0574428
1867,2010,0.0596237
1867,2011,0.0604112
1867,2012,0.0600856
1867,2013,0.0604249
1867,2014,0.0620195
1867,2015,0.0660951
1867,2016,0.0661059
1867,2017,0.0648286
1867,2018,0.0659227
1867,2019,0.0661403
1867,2020,0.0665173
1867,2021,0.0670393
1867,2022,0.0676247
1867,2023,0.0683277
1867,2024,0.069052
1867,2025,0.0698586
1867,2026,0.070683
1867,2027,0.0715712
1867,2028,0.0716961
1868,1995,0.0646225
1868,1996,0.0711025
1868,1997,0.0727841
1868,1998,0.070314
1868,1999,0.074474
1868,2000,0.0743473
1868,2001,0.070821
1868,2002,0.066496
1868,2003,0.0633791
1868,2004,0.0576468
1868,2005,0.0579462
1868,2006,0.0562922
1868,2007,0.0577328
1868,2008,0.0581382
1868,2009,0.0574428
1868,2010,0.0596237
1868,2011,0.0604112
1868,2012,0.0600856
1868,2013,0.0604249
1868,2014,0.0620195
1868,2015,0.0660951
1868,2016,0.0661059
1868,2017,0.0648286
1868,2018,0.0659227
1868,2019,0.0661403
1868,2020,0.0665173
1868,2021,0.0670393
1868,2022,0.0676247
1868,2023,0.0683277
1868,2024,0.069052
1868,2025,0.0698586
1868,2026,0.070683
1868,2027,0.0715712
1868,2028,0.0716961
1870,1995,0.0646225
1870,1996,0.0711025
1870,1997,0.0727841
1870,1998,0.070314
1870,1999,0.074474
1870,2000,0.0743473
1870,2001,0.070821
1870,2002,0.066496
1870,2003,0.0633791
1870,2004,0.0576468
1870,2005,0.0579462
1870,2006,0.0562922
1870,2007,0.0577328
1870,2008,0.0581382
1870,2009,0.0574428
1870,2010,0.0596237
1870,2011,0.0604112
1870,2012,0.0600856
1870,2013,0.0604249
1870,2014,0.0620195
1870,2015,0.0660951
1870,2016,0.0661059
1870,2017,0.0648286
1870,2018,0.0659227
1870,2019,0.0661403
1870,2020,0.0665173
1870,2021,0.0670393
1870,2022,0.0676247
1870,2023,0.0683277
1870,2024,0.069052
1870,2025,0.0698586
1870,2026,0.070683
1870,2027,0.0715712
1870,2028,0.0716961
1871,1995,0.0646225
1871,1996,0.0711025
1871,1997,0.0727841
1871,1998,0.070314
1871,1999,0.074474
1871,2000,0.0743473
1871,2001,0.070821
1871,2002,0.066496
1871,2003,0.0633791
1871,2004,0.0576468
1871,2005,0.0579462
1871,2006,0.0562922
1871,2007,0.0577328
1871,2008,0.0581382
1871,2009,0.0574428
1871,2010,0.0596237
1871,2011,0.0604112
1871,2012,0.0600856
1871,2013,0.0604249
1871,2014,0.0620195
1871,2015,0.0660951
1871,2016,0.0661059
1871,2017,0.0648286
1871,2018,0.0659227
1871,2019,0.0661403
1871,2020,0.0665173
1871,2021,0.0670393
1871,2022,0.0676247
1871,2023,0.0683277
1871,2024,0.069052
1871,2025,0.0698586
1871,2026,0.070683
1871,2027,0.0715712
1871,2028,0.0716961
1874,1995,0.0646225
1874,1996,0.0711025
1874,1997,0.0727841
1874,1998,0.070314
1874,1999,0.074474
1874,2000,0.0743473
1874,2001,0.070821
1874,2002,0.066496
1874,2003,0.0633791
1874,2004,0.0576468
1874,2005,0.0579462
1874,2006,0.0562922
1874,2007,0.0577328
1874,2008,0.0581382
1874,2009,0.0574428
1874,2010,0.0596237
1874,2011,0.0604112
1874,2012,0.0600856
1874,2013,0.0604249
1874,2014,0.0620195
1874,2015,0.0660951
1874,2016,0.0661059
1874,2017,0.0648286
1874,2018,0.0659227
1874,2019,0.0661403
1874,2020,0.0665173
1874,2021,0.0670393
1874,2022,0.0676247
1874,2023,0.0683277
1874,2024,0.069052
1874,2025,0.0698586
1874,2026,0.070683
1874,2027,0.0715712
1874,2028,0.0716961
1902,1995,0.0646225
1902,1996,0.0711025
1902,1997,0.0727841
1902,1998,0.070314
1902,1999,0.074474
1902,2000,0.0743473
1902,2001,0.070821
1902,2002,0.066496
1902,2003,0.0633791
1902,2004,0.0576468
1902,2005,0.0579462
1902,2006,0.0562922
1902,2007,0.0577328
1902,2008,0.0581382
1902,2009,0.0574428
1902,2010,0.0596237
1902,2011,0.0604112
1902,2012,0.0600856
1902,2013,0.0604249
1902,2014,0.0620195
1902,2015,0.0660951
1902,2016,0.0661059
1902,2017,0.0648286
1902,2018,0.0659227
1902,2019,0.0661403
1902,2020,0.0665173
1902,2021,0.0670393
1902,2022,0.0676247
1902,2023,0.0683277
1902,2024,0.069052
1902,2025,0.0698586
1902,2026,0.070683
1902,2027,0.0715712
1902,2028,0.0716961
1903,1995,0.0646225
1903,1996,0.0711025
1903,1997,0.0727841
1903,1998,0.070314
1903,1999,0.074474
1903,2000,0.0743473
1903,2001,0.070821
1903,2002,0.066496
1903,2003,0.0633791
1903,2004,0.0576468
1903,2005,0.0579462
1903,2006,0.0562922
1903,2007,0.0577328
1903,2008,0.0581382
1903,2009,0.0574428
1903,2010,0.0596237
1903,2011,0.0604112
1903,2012,0.0600856
1903,2013,0.0604249
1903,2014,0.0620195
1903,2015,0.0660951
1903,2016,0.0661059
1903,2017,0.0648286
1903,2018,0.0659227
1903,2019,0.0661403
1903,2020,0.0665173
1903,2021,0.0670393
1903,2022,0.0676247
1903,2023,0.0683277
1903,2024,0.069052
1903,2025,0.0698586
1903,2026,0.070683
1903,2027,0.0715712
1903,2028,0.0716961
1911,1995,0.0646225
1911,1996,0.0711025
1911,1997,0.0727841
1911,1998,0.070314
1911,1999,0.074474
1911,2000,0.0743473
1911,2001,0.070821
1911,2002,0.066496
1911,2003,0.0633791
1911,2004,0.0576468
1911,2005,0.0579462
1911,2006,0.0562922
1911,2007,0.0577328
1911,2008,0.0581382
1911,2009,0.0574428
1911,2010,0.0596237
1911,2011,0.0604112
1911,2012,0.0600856
1911,2013,0.0604249
1911,2014,0.0620195
1911,2015,0.0660951
1911,2016,0.0661059
1911,2017,0.0648286
1911,2018,0.0659227
1911,2019,0.0661403
1911,2020,0.0665173
1911,2021,0.0670393
1911,2022,0.0676247
1911,2023,0.0683277
1911,2024,0.069052
1911,2025,0.0698586
1911,2026,0.070683
1911,2027,0.0715712
1911,2028,0.0716961
1913,1995,0.0646225
1913,1996,0.0711025
1913,1997,0.0727841
1913,1998,0.070314
1913,1999,0.074474
1913,2000,0.0743473
1913,2001,0.070821
1913,2002,0.066496
1913,2003,0.0633791
1913,2004,0.0576468
1913,2005,0.0579462
1913,2006,0.0562922
1913,2007,0.0577328
1913,2008,0.0581382
1913,2009,0.0574428
1913,2010,0.0596237
1913,2011,0.0604112
1913,2012,0.0600856
1913,2013,0.0604249
1913,2014,0.0620195
1913,2015,0.0660951
1913,2016,0.0661059
1913,2017,0.0648286
1913,2018,0.0659227
1913,2019,0.0661403
1913,2020,0.0665173
1913,2021,0.0670393
1913,2022,0.0676247
1913,2023,0.0683277
1913,2024,0.069052
1913,2025,0.0698586
1913,2026,0.070683
1913,2027,0.0715712
1913,2028,0.0716961
1917,1995,0.0646225
1917,1996,0.0711025
1917,1997,0.0727841
1917,1998,0.070314
1917,1999,0.074474
1917,2000,0.0743473
1917,2001,0.070821
1917,2002,0.066496
1917,2003,0.0633791
1917,2004,0.0576468
1917,2005,0.0579462
1917,2006,0.0562922
1917,2007,0.0577328
1917,2008,0.0581382
1917,2009,0.0574428
1917,2010,0.0596237
1917,2011,0.0604112
1917,2012,0.0600856
1917,2013,0.0604249
1917,2014,0.0620195
1917,2015,0.0660951
1917,2016,0.0661059
1917,2017,0.0648286
1917,2018,0.0659227
1917,2019,0.0661403
1917,2020,0.0665173
1917,2021,0.0670393
1917,2022,0.0676247
1917,2023,0.0683277
1917,2024,0.069052
1917,2025,0.0698586
1917,2026,0.070683
1917,2027,0.0715712
1917,2028,0.0716961
1919,1995,0.0646225
1919,1996,0.0711025
1919,1997,0.0727841
1919,1998,0.070314
1919,1999,0.074474
1919,2000,0.0743473
1919,2001,0.070821
1919,2002,0.066496
1919,2003,0.0633791
1919,2004,0.0576468
1919,2005,0.0579462
1919,2006,0.0562922
1919,2007,0.0577328
1919,2008,0.0581382
1919,2009,0.0574428
1919,2010,0.0596237
1919,2011,0.0604112
1919,2012,0.0600856
1919,2013,0.0604249
1919,2014,0.0620195
1919,2015,0.0660951
1919,2016,0.0661059
1919,2017,0.0648286
1919,2018,0.0659227
1919,2019,0.0661403
1919,2020,0.0665173
1919,2021,0.0670393
1919,2022,0.0676247
1919,2023,0.0683277
1919,2024,0.069052
1919,2025,0.0698586
1919,2026,0.070683
1919,2027,0.0715712
1919,2028,0.0716961
1920,1995,0.0646225
1920,1996,0.0711025
1920,1997,0.0727841
1920,1998,0.070314
1920,1999,0.074474
1920,2000,0.0743473
1920,2001,0.070821
1920,2002,0.066496
1920,2003,0.0633791
1920,2004,0.0576468
1920,2005,0.0579462
1920,2006,0.0562922
1920,2007,0.0577328
1920,2008,0.0581382
1920,2009,0.0574428
1920,2010,0.0596237
1920,2011,0.0604112
1920,2012,0.0600856
1920,2013,0.0604249
1920,2014,0.0620195
1920,2015,0.0660951
1920,2016,0.0661059
1920,2017,0.0648286
1920,2018,0.0659227
1920,2019,0.0661403
1920,2020,0.0665173
1920,2021,0.0670393
1920,2022,0.0676247
1920,2023,0.0683277
1920,2024,0.069052
1920,2025,0.0698586
1920,2026,0.070683
1920,2027,0.0715712
1920,2028,0.0716961
1923,1995,0.0646225
1923,1996,0.0711025
1923,1997,0.0727841
1923,1998,0.070314
1923,1999,0.074474
1923,2000,0.0743473
1923,2001,0.070821
1923,2002,0.066496
1923,2003,0.0633791
1923,2004,0.0576468
1923,2005,0.0579462
1923,2006,0.0562922
1923,2007,0.0577328
1923,2008,0.0581382
1923,2009,0.0574428
1923,2010,0.0596237
1923,2011,0.0604112
1923,2012,0.0600856
1923,2013,0.0604249
1923,2014,0.0620195
1923,2015,0.0660951
1923,2016,0.0661059
1923,2017,0.0648286
1923,2018,0.0659227
1923,2019,0.0661403
1923,2020,0.0665173
1923,2021,0.0670393
1923,2022,0.0676247
1923,2023,0.0683277
1923,2024,0.069052
1923,2025,0.0698586
1923,2026,0.070683
1923,2027,0.0715712
1923,2028,0.0716961
1924,1995,0.0646225
1924,1996,0.0711025
1924,1997,0.0727841
1924,1998,0.070314
1924,1999,0.074474
1924,2000,0.0743473
1924,2001,0.070821
1924,2002,0.066496
1924,2003,0.0633791
1924,2004,0.0576468
1924,2005,0.0579462
1924,2006,0.0562922
1924,2007,0.0577328
1924,2008,0.0581382
1924,2009,0.0574428
1924,2010,0.0596237
1924,2011,0.0604112
1924,2012,0.0600856
1924,2013,0.0604249
1924,2014,0.0620195
1924,2015,0.0660951
1924,2016,0.0661059
1924,2017,0.0648286
1924,2018,0.0659227
1924,2019,0.0661403
1924,2020,0.0665173
1924,2021,0.0670393
1924,2022,0.0676247
1924,2023,0.0683277
1924,2024,0.069052
1924,2025,0.0698586
1924,2026,0.070683
1924,2027,0.0715712
1924,2028,0.0716961
1925,1995,0.0646225
1925,1996,0.0711025
1925,1997,0.0727841
1925,1998,0.070314
1925,1999,0.074474
1925,2000,0.0743473
1925,2001,0.070821
1925,2002,0.066496
1925,2003,0.0633791
1925,2004,0.0576468
1925,2005,0.0579462
1925,2006,0.0562922
1925,2007,0.0577328
1925,2008,0.0581382
1925,2009,0.0574428
1925,2010,0.0596237
1925,2011,0.0604112
1925,2012,0.0600856
1925,2013,0.0604249
1925,2014,0.0620195
1925,2015,0.0660951
1925,2016,0.0661059
1925,2017,0.0648286
1925,2018,0.0659227
1925,2019,0.0661403
1925,2020,0.0665173
1925,2021,0.0670393
1925,2022,0.0676247
1925,2023,0.0683277
1925,2024,0.069052
1925,2025,0.0698586
1925,2026,0.070683
1925,2027,0.0715712
1925,2028,0.0716961
1926,1995,0.0646225
1926,1996,0.0711025
1926,1997,0.0727841
1926,1998,0.070314
1926,1999,0.074474
1926,2000,0.0743473
1926,2001,0.070821
1926,2002,0.066496
1926,2003,0.0633791
1926,2004,0.0576468
1926,2005,0.0579462
1926,2006,0.0562922
1926,2007,0.0577328
1926,2008,0.0581382
1926,2009,0.0574428
1926,2010,0.0596237
1926,2011,0.0604112
1926,2012,0.0600856
1926,2013,0.0604249
1926,2014,0.0620195
1926,2015,0.0660951
1926,2016,0.0661059
1926,2017,0.0648286
1926,2018,0.0659227
1926,2019,0.0661403
1926,2020,0.0665173
1926,2021,0.0670393
1926,2022,0.0676247
1926,2023,0.0683277
1926,2024,0.069052
1926,2025,0.0698586
1926,2026,0.070683
1926,2027,0.0715712
1926,2028,0.0716961
1927,1995,0.0646225
1927,1996,0.0711025
1927,1997,0.0727841
1927,1998,0.070314
1927,1999,0.074474
1927,2000,0.0743473
1927,2001,0.070821
1927,2002,0.066496
1927,2003,0.0633791
1927,2004,0.0576468
1927,2005,0.0579462
1927,2006,0.0562922
1927,2007,0.0577328
1927,2008,0.0581382
1927,2009,0.0574428
1927,2010,0.0596237
1927,2011,0.0604112
1927,2012,0.0600856
1927,2013,0.0604249
1927,2014,0.0620195
1927,2015,0.0660951
1927,2016,0.0661059
1927,2017,0.0648286
1927,2018,0.0659227
1927,2019,0.0661403
1927,2020,0.0665173
1927,2021,0.0670393
1927,2022,0.0676247
1927,2023,0.0683277
1927,2024,0.069052
1927,2025,0.0698586
1927,2026,0.070683
1927,2027,0.0715712
1927,2028,0.0716961
1928,1995,0.0646225
1928,1996,0.0711025
1928,1997,0.0727841
1928,1998,0.070314
1928,1999,0.074474
1928,2000,0.0743473
1928,2001,0.070821
1928,2002,0.066496
1928,2003,0.0633791
1928,2004,0.0576468
1928,2005,0.0579462
1928,2006,0.0562922
1928,2007,0.0577328
1928,2008,0.0581382
1928,2009,0.0574428
1928,2010,0.0596237
1928,2011,0.0604112
1928,2012,0.0600856
1928,2013,0.0604249
1928,2014,0.0620195
1928,2015,0.0660951
1928,2016,0.0661059
1928,2017,0.0648286
1928,2018,0.0659227
1928,2019,0.0661403
1928,2020,0.0665173
1928,2021,0.0670393
1928,2022,0.0676247
1928,2023,0.0683277
1928,2024,0.069052
1928,2025,0.0698586
1928,2026,0.070683
1928,2027,0.0715712
1928,2028,0.0716961
1929,1995,0.0646225
1929,1996,0.0711025
1929,1997,0.0727841
1929,1998,0.070314
1929,1999,0.074474
1929,2000,0.0743473
1929,2001,0.070821
1929,2002,0.066496
1929,2003,0.0633791
1929,2004,0.0576468
1929,2005,0.0579462
1929,2006,0.0562922
1929,2007,0.0577328
1929,2008,0.0581382
1929,2009,0.0574428
1929,2010,0.0596237
1929,2011,0.0604112
1929,2012,0.0600856
1929,2013,0.0604249
1929,2014,0.0620195
1929,2015,0.0660951
1929,2016,0.0661059
1929,2017,0.0648286
1929,2018,0.0659227
1929,2019,0.0661403
1929,2020,0.0665173
1929,2021,0.0670393
1929,2022,0.0676247
1929,2023,0.0683277
1929,2024,0.069052
1929,2025,0.0698586
1929,2026,0.070683
1929,2027,0.0715712
1929,2028,0.0716961
1931,1995,0.0646225
1931,1996,0.0711025
1931,1997,0.0727841
1931,1998,0.070314
1931,1999,0.074474
1931,2000,0.0743473
1931,2001,0.070821
1931,2002,0.066496
1931,2003,0.0633791
1931,2004,0.0576468
1931,2005,0.0579462
1931,2006,0.0562922
1931,2007,0.0577328
1931,2008,0.0581382
1931,2009,0.0574428
1931,2010,0.0596237
1931,2011,0.0604112
1931,2012,0.0600856
1931,2013,0.0604249
1931,2014,0.0620195
1931,2015,0.0660951
1931,2016,0.0661059
1931,2017,0.0648286
1931,2018,0.0659227
1931,2019,0.0661403
1931,2020,0.0665173
1931,2021,0.0670393
1931,2022,0.0676247
1931,2023,0.0683277
1931,2024,0.069052
1931,2025,0.0698586
1931,2026,0.070683
1931,2027,0.0715712
1931,2028,0.0716961
1933,1995,0.0646225
1933,1996,0.0711025
1933,1997,0.0727841
1933,1998,0.070314
1933,1999,0.074474
1933,2000,0.0743473
1933,2001,0.070821
1933,2002,0.066496
1933,2003,0.0633791
1933,2004,0.0576468
1933,2005,0.0579462
1933,2006,0.0562922
1933,2007,0.0577328
1933,2008,0.0581382
1933,2009,0.0574428
1933,2010,0.0596237
1933,2011,0.0604112
1933,2012,0.0600856
1933,2013,0.0604249
1933,2014,0.0620195
1933,2015,0.0660951
1933,2016,0.0661059
1933,2017,0.0648286
1933,2018,0.0659227
1933,2019,0.0661403
1933,2020,0.0665173
1933,2021,0.0670393
1933,2022,0.0676247
1933,2023,0.0683277
1933,2024,0.069052
1933,2025,0.0698586
1933,2026,0.070683
1933,2027,0.0715712
1933,2028,0.0716961
1936,1995,0.0646225
1936,1996,0.0711025
1936,1997,0.0727841
1936,1998,0.070314
1936,1999,0.074474
1936,2000,0.0743473
1936,2001,0.070821
1936,2002,0.066496
1936,2003,0.0633791
1936,2004,0.0576468
1936,2005,0.0579462
1936,2006,0.0562922
1936,2007,0.0577328
1936,2008,0.0581382
1936,2009,0.0574428
1936,2010,0.0596237
1936,2011,0.0604112
1936,2012,0.0600856
1936,2013,0.0604249
1936,2014,0.0620195
1936,2015,0.0660951
1936,2016,0.0661059
1936,2017,0.0648286
1936,2018,0.0659227
1936,2019,0.0661403
1936,2020,0.0665173
1936,2021,0.0670393
1936,2022,0.0676247
1936,2023,0.0683277
1936,2024,0.069052
1936,2025,0.0698586
1936,2026,0.070683
1936,2027,0.0715712
1936,2028,0.0716961
1938,1995,0.0646225
1938,1996,0.0711025
1938,1997,0.0727841
1938,1998,0.070314
1938,1999,0.074474
1938,2000,0.0743473
1938,2001,0.070821
1938,2002,0.066496
1938,2003,0.0633791
1938,2004,0.0576468
1938,2005,0.0579462
1938,2006,0.0562922
1938,2007,0.0577328
1938,2008,0.0581382
1938,2009,0.0574428
1938,2010,0.0596237
1938,2011,0.0604112
1938,2012,0.0600856
1938,2013,0.0604249
1938,2014,0.0620195
1938,2015,0.0660951
1938,2016,0.0661059
1938,2017,0.0648286
1938,2018,0.0659227
1938,2019,0.0661403
1938,2020,0.0665173
1938,2021,0.0670393
1938,2022,0.0676247
1938,2023,0.0683277
1938,2024,0.069052
1938,2025,0.0698586
1938,2026,0.070683
1938,2027,0.0715712
1938,2028,0.0716961
1939,1995,0.0646225
1939,1996,0.0711025
1939,1997,0.0727841
1939,1998,0.070314
1939,1999,0.074474
1939,2000,0.0743473
1939,2001,0.070821
1939,2002,0.066496
1939,2003,0.0633791
1939,2004,0.0576468
1939,2005,0.0579462
1939,2006,0.0562922
1939,2007,0.0577328
1939,2008,0.0581382
1939,2009,0.0574428
1939,2010,0.0596237
1939,2011,0.0604112
1939,2012,0.0600856
1939,2013,0.0604249
1939,2014,0.0620195
1939,2015,0.0660951
1939,2016,0.0661059
1939,2017,0.0648286
1939,2018,0.0659227
1939,2019,0.0661403
1939,2020,0.0665173
1939,2021,0.0670393
1939,2022,0.0676247
1939,2023,0.0683277
1939,2024,0.069052
1939,2025,0.0698586
1939,2026,0.070683
1939,2027,0.0715712
1939,2028,0.0716961
1940,1995,0.0646225
1940,1996,0.0711025
1940,1997,0.0727841
1940,1998,0.070314
1940,1999,0.074474
1940,2000,0.0743473
1940,2001,0.070821
1940,2002,0.066496
1940,2003,0.0633791
1940,2004,0.0576468
1940,2005,0.0579462
1940,2006,0.0562922
1940,2007,0.0577328
1940,2008,0.0581382
1940,2009,0.0574428
1940,2010,0.0596237
1940,2011,0.0604112
1940,2012,0.0600856
1940,2013,0.0604249
1940,2014,0.0620195
1940,2015,0.0660951
1940,2016,0.0661059
1940,2017,0.0648286
1940,2018,0.0659227
1940,2019,0.0661403
1940,2020,0.0665173
1940,2021,0.0670393
1940,2022,0.0676247
1940,2023,0.0683277
1940,2024,0.069052
1940,2025,0.0698586
1940,2026,0.070683
1940,2027,0.0715712
1940,2028,0.0716961
1941,1995,0.0646225
1941,1996,0.0711025
1941,1997,0.0727841
1941,1998,0.070314
1941,1999,0.074474
1941,2000,0.0743473
1941,2001,0.070821
1941,2002,0.066496
1941,2003,0.0633791
1941,2004,0.0576468
1941,2005,0.0579462
1941,2006,0.0562922
1941,2007,0.0577328
1941,2008,0.0581382
1941,2009,0.0574428
1941,2010,0.0596237
1941,2011,0.0604112
1941,2012,0.0600856
1941,2013,0.0604249
1941,2014,0.0620195
1941,2015,0.0660951
1941,2016,0.0661059
1941,2017,0.0648286
1941,2018,0.0659227
1941,2019,0.0661403
1941,2020,0.0665173
1941,2021,0.0670393
1941,2022,0.0676247
1941,2023,0.0683277
1941,2024,0.069052
1941,2025,0.0698586
1941,2026,0.070683
1941,2027,0.0715712
1941,2028,0.0716961
1942,1995,0.0646225
1942,1996,0.0711025
1942,1997,0.0727841
1942,1998,0.070314
1942,1999,0.074474
1942,2000,0.0743473
1942,2001,0.070821
1942,2002,0.066496
1942,2003,0.0633791
1942,2004,0.0576468
1942,2005,0.0579462
1942,2006,0.0562922
1942,2007,0.0577328
1942,2008,0.0581382
1942,2009,0.0574428
1942,2010,0.0596237
1942,2011,0.0604112
1942,2012,0.0600856
1942,2013,0.0604249
1942,2014,0.0620195
1942,2015,0.0660951
1942,2016,0.0661059
1942,2017,0.0648286
1942,2018,0.0659227
1942,2019,0.0661403
1942,2020,0.0665173
1942,2021,0.0670393
1942,2022,0.0676247
1942,2023,0.0683277
1942,2024,0.069052
1942,2025,0.0698586
1942,2026,0.070683
1942,2027,0.0715712
1942,2028,0.0716961
1943,1995,0.0646225
1943,1996,0.0711025
1943,1997,0.0727841
1943,1998,0.070314
1943,1999,0.074474
1943,2000,0.0743473
1943,2001,0.070821
1943,2002,0.066496
1943,2003,0.0633791
1943,2004,0.0576468
1943,2005,0.0579462
1943,2006,0.0562922
1943,2007,0.0577328
1943,2008,0.0581382
1943,2009,0.0574428
1943,2010,0.0596237
1943,2011,0.0604112
1943,2012,0.0600856
1943,2013,0.0604249
1943,2014,0.0620195
1943,2015,0.0660951
1943,2016,0.0661059
1943,2017,0.0648286
1943,2018,0.0659227
1943,2019,0.0661403
1943,2020,0.0665173
1943,2021,0.0670393
1943,2022,0.0676247
1943,2023,0.0683277
1943,2024,0.069052
1943,2025,0.0698586
1943,2026,0.070683
1943,2027,0.0715712
1943,2028,0.0716961
2002,1995,0.0646225
2002,1996,0.0711025
2002,1997,0.0727841
2002,1998,0.070314
2002,1999,0.074474
2002,2000,0.0743473
2002,2001,0.070821
2002,2002,0.066496
2002,2003,0.0633791
2002,2004,0.0576468
2002,2005,0.0579462
2002,2006,0.0562922
2002,2007,0.0577328
2002,2008,0.0581382
2002,2009,0.0574428
2002,2010,0.0596237
2002,2011,0.0604112
2002,2012,0.0600856
2002,2013,0.0604249
2002,2014,0.0620195
2002,2015,0.0660951
2002,2016,0.0661059
2002,2017,0.0648286
2002,2018,0.0659227
2002,2019,0.0661403
2002,2020,0.0665173
2002,2021,0.0670393
2002,2022,0.0676247
2002,2023,0.0683277
2002,2024,0.069052
2002,2025,0.0698586
2002,2026,0.070683
2002,2027,0.0715712
2002,2028,0.0716961
2003,1995,0.0646225
2003,1996,0.0711025
2003,1997,0.0727841
2003,1998,0.070314
2003,1999,0.074474
2003,2000,0.0743473
2003,2001,0.070821
2003,2002,0.066496
2003,2003,0.0633791
2003,2004,0.0576468
2003,2005,0.0579462
2003,2006,0.0562922
2003,2007,0.0577328
2003,2008,0.0581382
2003,2009,0.0574428
2003,2010,0.0596237
2003,2011,0.0604112
2003,2012,0.0600856
2003,2013,0.0604249
2003,2014,0.0620195
2003,2015,0.0660951
2003,2016,0.0661059
2003,2017,0.0648286
2003,2018,0.0659227
2003,2019,0.0661403
2003,2020,0.0665173
2003,2021,0.0670393
2003,2022,0.0676247
2003,2023,0.0683277
2003,2024,0.069052
2003,2025,0.0698586
2003,2026,0.070683
2003,2027,0.0715712
2003,2028,0.0716961
2004,1995,0.0646225
2004,1996,0.0711025
2004,1997,0.0727841
2004,1998,0.070314
2004,1999,0.074474
2004,2000,0.0743473
2004,2001,0.070821
2004,2002,0.066496
2004,2003,0.0633791
2004,2004,0.0576468
2004,2005,0.0579462
2004,2006,0.0562922
2004,2007,0.0577328
2004,2008,0.0581382
2004,2009,0.0574428
2004,2010,0.0596237
2004,2011,0.0604112
2004,2012,0.0600856
2004,2013,0.0604249
2004,2014,0.0620195
2004,2015,0.0660951
2004,2016,0.0661059
2004,2017,0.0648286
2004,2018,0.0659227
2004,2019,0.0661403
2004,2020,0.0665173
2004,2021,0.0670393
2004,2022,0.0676247
2004,2023,0.0683277
2004,2024,0.069052
2004,2025,0.0698586
2004,2026,0.070683
2004,2027,0.0715712
2004,2028,0.0716961
2012,1995,0.0646225
2012,1996,0.0711025
2012,1997,0.0727841
2012,1998,0.070314
2012,1999,0.074474
2012,2000,0.0743473
2012,2001,0.070821
2012,2002,0.066496
2012,2003,0.0633791
2012,2004,0.0576468
2012,2005,0.0579462
2012,2006,0.0562922
2012,2007,0.0577328
2012,2008,0.0581382
2012,2009,0.0574428
2012,2010,0.0596237
2012,2011,0.0604112
2012,2012,0.0600856
2012,2013,0.0604249
2012,2014,0.0620195
2012,2015,0.0660951
2012,2016,0.0661059
2012,2017,0.0648286
2012,2018,0.0659227
2012,2019,0.0661403
2012,2020,0.0665173
2012,2021,0.0670393
2012,2022,0.0676247
2012,2023,0.0683277
2012,2024,0.069052
2012,2025,0.0698586
2012,2026,0.070683
2012,2027,0.0715712
2012,2028,0.0716961
2014,1995,0.0646225
2014,1996,0.0711025
2014,1997,0.0727841
2014,1998,0.070314
2014,1999,0.074474
2014,2000,0.0743473
2014,2001,0.070821
2014,2002,0.066496
2014,2003,0.0633791
2014,2004,0.0576468
2014,2005,0.0579462
2014,2006,0.0562922
2014,2007,0.0577328
2014,2008,0.0581382
2014,2009,0.0574428
2014,2010,0.0596237
2014,2011,0.0604112
2014,2012,0.0600856
2014,2013,0.0604249
2014,2014,0.0620195
2014,2015,0.0660951
2014,2016,0.0661059
2014,2017,0.0648286
2014,2018,0.0659227
2014,2019,0.0661403
2014,2020,0.0665173
2014,2021,0.0670393
2014,2022,0.0676247
2014,2023,0.0683277
2014,2024,0.069052
2014,2025,0.0698586
2014,2026,0.070683
2014,2027,0.0715712
2014,2028,0.0716961
2015,1995,0.0646225
2015,1996,0.0711025
2015,1997,0.0727841
2015,1998,0.070314
2015,1999,0.074474
2015,2000,0.0743473
2015,2001,0.070821
2015,2002,0.066496
2015,2003,0.0633791
2015,2004,0.0576468
2015,2005,0.0579462
2015,2006,0.0562922
2015,2007,0.0577328
2015,2008,0.0581382
2015,2009,0.0574428
2015,2010,0.0596237
2015,2011,0.0604112
2015,2012,0.0600856
2015,2013,0.0604249
2015,2014,0.0620195
2015,2015,0.0660951
2015,2016,0.0661059
2015,2017,0.0648286
2015,2018,0.0659227
2015,2019,0.0661403
2015,2020,0.0665173
2015,2021,0.0670393
2015,2022,0.0676247
2015,2023,0.0683277
2015,2024,0.069052
2015,2025,0.0698586
2015,2026,0.070683
2015,2027,0.0715712
2015,2028,0.0716961
2017,1995,0.0646225
2017,1996,0.0711025
2017,1997,0.0727841
2017,1998,0.070314
2017,1999,0.074474
2017,2000,0.0743473
2017,2001,0.070821
2017,2002,0.066496
2017,2003,0.0633791
2017,2004,0.0576468
2017,2005,0.0579462
2017,2006,0.0562922
2017,2007,0.0577328
2017,2008,0.0581382
2017,2009,0.0574428
2017,2010,0.0596237
2017,2011,0.0604112
2017,2012,0.0600856
2017,2013,0.0604249
2017,2014,0.0620195
2017,2015,0.0660951
2017,2016,0.0661059
2017,2017,0.0648286
2017,2018,0.0659227
2017,2019,0.0661403
2017,2020,0.0665173
2017,2021,0.0670393
2017,2022,0.0676247
2017,2023,0.0683277
2017,2024,0.069052
2017,2025,0.0698586
2017,2026,0.070683
2017,2027,0.0715712
2017,2028,0.0716961
2018,1995,0.0646225
2018,1996,0.0711025
2018,1997,0.0727841
2018,1998,0.070314
2018,1999,0.074474
2018,2000,0.0743473
2018,2001,0.070821
2018,2002,0.066496
2018,2003,0.0633791
2018,2004,0.0576468
2018,2005,0.0579462
2018,2006,0.0562922
2018,2007,0.0577328
2018,2008,0.0581382
2018,2009,0.0574428
2018,2010,0.0596237
2018,2011,0.0604112
2018,2012,0.0600856
2018,2013,0.0604249
2018,2014,0.0620195
2018,2015,0.0660951
2018,2016,0.0661059
2018,2017,0.0648286
2018,2018,0.0659227
2018,2019,0.0661403
2018,2020,0.0665173
2018,2021,0.0670393
2018,2022,0.0676247
2018,2023,0.0683277
2018,2024,0.069052
2018,2025,0.0698586
2018,2026,0.070683
2018,2027,0.0715712
2018,2028,0.0716961
2019,1995,0.0646225
2019,1996,0.0711025
2019,1997,0.0727841
2019,1998,0.070314
2019,1999,0.074474
2019,2000,0.0743473
2019,2001,0.070821
2019,2002,0.066496
2019,2003,0.0633791
2019,2004,0.0576468
2019,2005,0.0579462
2019,2006,0.0562922
2019,2007,0.0577328
2019,2008,0.0581382
2019,2009,0.0574428
2019,2010,0.0596237
2019,2011,0.0604112
2019,2012,0.0600856
2019,2013,0.0604249
2019,2014,0.0620195
2019,2015,0.0660951
2019,2016,0.0661059
2019,2017,0.0648286
2019,2018,0.0659227
2019,2019,0.0661403
2019,2020,0.0665173
2019,2021,0.0670393
2019,2022,0.0676247
2019,2023,0.0683277
2019,2024,0.069052
2019,2025,0.0698586
2019,2026,0.070683
2019,2027,0.0715712
2019,2028,0.0716961
2020,1995,0.0646225
2020,1996,0.0711025
2020,1997,0.0727841
2020,1998,0.070314
2020,1999,0.074474
2020,2000,0.0743473
2020,2001,0.070821
2020,2002,0.066496
2020,2003,0.0633791
2020,2004,0.0576468
2020,2005,0.0579462
2020,2006,0.0562922
2020,2007,0.0577328
2020,2008,0.0581382
2020,2009,0.0574428
2020,2010,0.0596237
2020,2011,0.0604112
2020,2012,0.0600856
2020,2013,0.0604249
2020,2014,0.0620195
2020,2015,0.0660951
2020,2016,0.0661059
2020,2017,0.0648286
2020,2018,0.0659227
2020,2019,0.0661403
2020,2020,0.0665173
2020,2021,0.0670393
2020,2022,0.0676247
2020,2023,0.0683277
2020,2024,0.069052
2020,2025,0.0698586
2020,2026,0.070683
2020,2027,0.0715712
2020,2028,0.0716961
2022,1995,0.0646225
2022,1996,0.0711025
2022,1997,0.0727841
2022,1998,0.070314
2022,1999,0.074474
2022,2000,0.0743473
2022,2001,0.070821
2022,2002,0.066496
2022,2003,0.0633791
2022,2004,0.0576468
2022,2005,0.0579462
2022,2006,0.0562922
2022,2007,0.0577328
2022,2008,0.0581382
2022,2009,0.0574428
2022,2010,0.0596237
2022,2011,0.0604112
2022,2012,0.0600856
2022,2013,0.0604249
2022,2014,0.0620195
2022,2015,0.0660951
2022,2016,0.0661059
2022,2017,0.0648286
2022,2018,0.0659227
2022,2019,0.0661403
2022,2020,0.0665173
2022,2021,0.0670393
2022,2022,0.0676247
2022,2023,0.0683277
2022,2024,0.069052
2022,2025,0.0698586
2022,2026,0.070683
2022,2027,0.0715712
2022,2028,0.0716961
2023,1995,0.0646225
2023,1996,0.0711025
2023,1997,0.0727841
2023,1998,0.070314
2023,1999,0.074474
2023,2000,0.0743473
2023,2001,0.070821
2023,2002,0.066496
2023,2003,0.0633791
2023,2004,0.0576468
2023,2005,0.0579462
2023,2006,0.0562922
2023,2007,0.0577328
2023,2008,0.0581382
2023,2009,0.0574428
2023,2010,0.0596237
2023,2011,0.0604112
2023,2012,0.0600856
2023,2013,0.0604249
2023,2014,0.0620195
2023,2015,0.0660951
2023,2016,0.0661059
2023,2017,0.0648286
2023,2018,0.0659227
2023,2019,0.0661403
2023,2020,0.0665173
2023,2021,0.0670393
2023,2022,0.0676247
2023,2023,0.0683277
2023,2024,0.069052
2023,2025,0.0698586
2023,2026,0.070683
2023,2027,0.0715712
2023,2028,0.0716961
2024,1995,0.0646225
2024,1996,0.0711025
2024,1997,0.0727841
2024,1998,0.070314
2024,1999,0.074474
2024,2000,0.0743473
2024,2001,0.070821
2024,2002,0.066496
2024,2003,0.0633791
2024,2004,0.0576468
2024,2005,0.0579462
2024,2006,0.0562922
2024,2007,0.0577328
2024,2008,0.0581382
2024,2009,0.0574428
2024,2010,0.0596237
2024,2011,0.0604112
2024,2012,0.0600856
2024,2013,0.0604249
2024,2014,0.0620195
2024,2015,0.0660951
2024,2016,0.0661059
2024,2017,0.0648286
2024,2018,0.0659227
2024,2019,0.0661403
2024,2020,0.0665173
2024,2021,0.0670393
2024,2022,0.0676247
2024,2023,0.0683277
2024,2024,0.069052
2024,2025,0.0698586
2024,2026,0.070683
2024,2027,0.0715712
2024,2028,0.0716961
2025,1995,0.0646225
2025,1996,0.0711025
2025,1997,0.0727841
2025,1998,0.070314
2025,1999,0.074474
2025,2000,0.0743473
2025,2001,0.070821
2025,2002,0.066496
2025,2003,0.0633791
2025,2004,0.0576468
2025,2005,0.0579462
2025,2006,0.0562922
2025,2007,0.0577328
2025,2008,0.0581382
2025,2009,0.0574428
2025,2010,0.0596237
2025,2011,0.0604112
2025,2012,0.0600856
2025,2013,0.0604249
2025,2014,0.0620195
2025,2015,0.0660951
2025,2016,0.0661059
2025,2017,0.0648286
2025,2018,0.0659227
2025,2019,0.0661403
2025,2020,0.0665173
2025,2021,0.0670393
2025,2022,0.0676247
2025,2023,0.0683277
2025,2024,0.069052
2025,2025,0.0698586
2025,2026,0.070683
2025,2027,0.0715712
2025,2028,0.0716961
2027,1995,0.0646225
2027,1996,0.0711025
2027,1997,0.0727841
2027,1998,0.070314
2027,1999,0.074474
2027,2000,0.0743473
2027,2001,0.070821
2027,2002,0.066496
2027,2003,0.0633791
2027,2004,0.0576468
2027,2005,0.0579462
2027,2006,0.0562922
2027,2007,0.0577328
2027,2008,0.0581382
2027,2009,0.0574428
2027,2010,0.0596237
2027,2011,0.0604112
2027,2012,0.0600856
2027,2013,0.0604249
2027,2014,0.0620195
2027,2015,0.0660951
2027,2016,0.0661059
2027,2017,0.0648286
2027,2018,0.0659227
2027,2019,0.0661403
2027,2020,0.0665173
2027,2021,0.0670393
2027,2022,0.0676247
2027,2023,0.0683277
2027,2024,0.069052
2027,2025,0.0698586
2027,2026,0.070683
2027,2027,0.0715712
2027,2028,0.0716961
2028,1995,0.0646225
2028,1996,0.0711025
2028,1997,0.0727841
2028,1998,0.070314
2028,1999,0.074474
2028,2000,0.0743473
2028,2001,0.070821
2028,2002,0.066496
2028,2003,0.0633791
2028,2004,0.0576468
2028,2005,0.0579462
2028,2006,0.0562922
2028,2007,0.0577328
2028,2008,0.0581382
2028,2009,0.0574428
2028,2010,0.0596237
2028,2011,0.0604112
2028,2012,0.0600856
2028,2013,0.0604249
2028,2014,0.0620195
2028,2015,0.0660951
2028,2016,0.0661059
2028,2017,0.0648286
2028,2018,0.0659227
2028,2019,0.0661403
2028,2020,0.0665173
2028,2021,0.0670393
2028,2022,0.0676247
2028,2023,0.0683277
2028,2024,0.069052
2028,2025,0.0698586
2028,2026,0.070683
2028,2027,0.0715712
2028,2028,0.0716961
2030,1995,0.0646225
2030,1996,0.0711025
2030,1997,0.0727841
2030,1998,0.070314
2030,1999,0.074474
2030,2000,0.0743473
2030,2001,0.070821
2030,2002,0.066496
2030,2003,0.0633791
2030,2004,0.0576468
2030,2005,0.0579462
2030,2006,0.0562922
2030,2007,0.0577328
2030,2008,0.0581382
2030,2009,0.0574428
2030,2010,0.0596237
2030,2011,0.0604112
2030,2012,0.0600856
2030,2013,0.0604249
2030,2014,0.0620195
2030,2015,0.0660951
2030,2016,0.0661059
2030,2017,0.0648286
2030,2018,0.0659227
2030,2019,0.0661403
2030,2020,0.0665173
2030,2021,0.0670393
2030,2022,0.0676247
2030,2023,0.0683277
2030,2024,0.069052
2030,2025,0.0698586
2030,2026,0.070683
2030,2027,0.0715712
2030,2028,0.0716961
